Abdonas;Abigailė;AbdonasAbigailė@mail.lt;P00001
Abigailė;Abrahimas;AbigailėAbrahimas@mail.lt;P00002
Abrahimas;Abraomas;AbrahimasAbraomas@mail.lt;P00003
Abraomas;Achilas;AbraomasAchilas@mail.lt;P00004
Achilas;Ada;AchilasAda@mail.lt;P00005
Ada;Adaira;AdaAdaira@mail.lt;P00006
Adaira;Adalberta;AdairaAdalberta@mail.lt;P00007
Adalberta;Adalbertas;AdalbertaAdalbertas@mail.lt;P00008
Adalbertas;Adas;AdalbertasAdas@mail.lt;P00009
Adas;Adauktas;AdasAdauktas@mail.lt;P00010
Adauktas;Adelaidė;AdauktasAdelaidė@mail.lt;P00011
Adelaidė;Adelė;AdelaidėAdelė@mail.lt;P00012
Adelė;Adelija;AdelėAdelija@mail.lt;P00013
Adelija;Adelina;AdelijaAdelina@mail.lt;P00014
Adelina;Adelita;AdelinaAdelita@mail.lt;P00015
Adelita;Adeodatas;AdelitaAdeodatas@mail.lt;P00016
Adeodatas;Adolfa;AdeodatasAdolfa@mail.lt;P00017
Adolfa;Adolfas;AdolfaAdolfas@mail.lt;P00018
Adolfas;Adolfina;AdolfasAdolfina@mail.lt;P00019
Adolfina;Adolis;AdolfinaAdolis@mail.lt;P00020
Adolis;Adomas;AdolisAdomas@mail.lt;P00021
Adomas;Adonis;AdomasAdonis@mail.lt;P00022
Adonis;Adriana;AdonisAdriana@mail.lt;P00023
Adriana;Adrianas;AdrianaAdrianas@mail.lt;P00024
Adrianas;Adrija;AdrianasAdrija@mail.lt;P00025
Adrija;Adrijana;AdrijaAdrijana@mail.lt;P00026
Adrijana;Adrijanas;AdrijanaAdrijanas@mail.lt;P00027
Adrijanas;Adrijona;AdrijanasAdrijona@mail.lt;P00028
Adrijona;Adrijonas;AdrijonaAdrijonas@mail.lt;P00029
Adrijonas;Adrijus;AdrijonasAdrijus@mail.lt;P00030
Adrijus;Aelita;AdrijusAelita@mail.lt;P00031
Aelita;Afra;AelitaAfra@mail.lt;P00032
Afra;Afroditė;AfraAfroditė@mail.lt;P00033
Afroditė;Agapitas;AfroditėAgapitas@mail.lt;P00034
Agapitas;Agata;AgapitasAgata@mail.lt;P00035
Agata;Agatas;AgataAgatas@mail.lt;P00036
Agatas;Agatonas;AgatasAgatonas@mail.lt;P00037
Agatonas;Ageda;AgatonasAgeda@mail.lt;P00038
Ageda;Agedas;AgedaAgedas@mail.lt;P00039
Agedas;Agėjus;AgedasAgėjus@mail.lt;P00040
Agėjus;Agilas;AgėjusAgilas@mail.lt;P00041
Agilas;Agilė;AgilasAgilė@mail.lt;P00042
Agilė;Agna;AgilėAgna@mail.lt;P00043
Agna;Agnė;AgnaAgnė@mail.lt;P00044
Agnė;Agnesa;AgnėAgnesa@mail.lt;P00045
Agnesa;Agnesė;AgnesaAgnesė@mail.lt;P00046
Agnesė;Agnetė;AgnesėAgnetė@mail.lt;P00047
Agnetė;Agnietė;AgnetėAgnietė@mail.lt;P00048
Agnietė;Agnija;AgnietėAgnija@mail.lt;P00049
Agnija;Baironas;AgnijaBaironas@mail.lt;P00050
Baironas;Baltazaras;BaironasBaltazaras@mail.lt;P00051
Baltazaras;Baltenė;BaltazarasBaltenė@mail.lt;P00052
Baltenė;Baltenis;BaltenėBaltenis@mail.lt;P00053
Baltenis;Baltramiejus;BaltenisBaltramiejus@mail.lt;P00054
Baltramiejus;Baltras;BaltramiejusBaltras@mail.lt;P00055
Baltras;Baltrus;BaltrasBaltrus@mail.lt;P00056
Baltrus;Baltys;BaltrusBaltys@mail.lt;P00057
Baltys;Balys;BaltysBalys@mail.lt;P00058
Balys;Banga;BalysBanga@mail.lt;P00059
Banga;Bangas;BangaBangas@mail.lt;P00060
Bangas;Bangius;BangasBangius@mail.lt;P00061
Bangius;Banguolė;BangiusBanguolė@mail.lt;P00062
Banguolė;Banguolis;BanguolėBanguolis@mail.lt;P00063
Banguolis;Bangys;BanguolisBangys@mail.lt;P00064
Bangys;Baniutė;BangysBaniutė@mail.lt;P00065
Baniutė;Barbara;BaniutėBarbara@mail.lt;P00066
Barbara;Barbė;BarbaraBarbė@mail.lt;P00067
Barbė;Barbora;BarbėBarbora@mail.lt;P00068
Barbora;Bargailas;BarboraBargailas@mail.lt;P00069
Bargailas;Bargailė;BargailasBargailė@mail.lt;P00070
Bargailė;Barintas;BargailėBarintas@mail.lt;P00071
Barintas;Barintė;BarintasBarintė@mail.lt;P00072
Barintė;Baris;BarintėBaris@mail.lt;P00073
Baris;Barkinta;BarisBarkinta@mail.lt;P00074
Barkinta;Barkintas;BarkintaBarkintas@mail.lt;P00075
Barkintas;Barkintė;BarkintasBarkintė@mail.lt;P00076
Barkintė;Barmantas;BarkintėBarmantas@mail.lt;P00077
Barmantas;Barmantė;BarmantasBarmantė@mail.lt;P00078
Barmantė;Barnabas;BarmantėBarnabas@mail.lt;P00079
Barnabas;Bartas;BarnabasBartas@mail.lt;P00080
Bartas;Bartautas;BartasBartautas@mail.lt;P00081
Bartautas;Bartautė;BartautasBartautė@mail.lt;P00082
Bartautė;Bartė;BartautėBartė@mail.lt;P00083
Bartė;Bartenė;BartėBartenė@mail.lt;P00084
Bartenė;Bartenis;BartenėBartenis@mail.lt;P00085
Bartenis;Bartimina;BartenisBartimina@mail.lt;P00086
Bartimina;Bartiminas;BartiminaBartiminas@mail.lt;P00087
Bartiminas;Bartolomėja;BartiminasBartolomėja@mail.lt;P00088
Bartolomėja;Bartolomėjas;BartolomėjaBartolomėjas@mail.lt;P00089
Bartolomėjas;Barvainas;BartolomėjasBarvainas@mail.lt;P00090
Barvainas;Barvainė;BarvainasBarvainė@mail.lt;P00091
Barvainė;Barvyda;BarvainėBarvyda@mail.lt;P00092
Barvyda;Barvydas;BarvydaBarvydas@mail.lt;P00093
Barvydas;Barvydė;BarvydasBarvydė@mail.lt;P00094
Barvydė;Bazilė;BarvydėBazilė@mail.lt;P00095
Bazilė;Bazilijus;BazilėBazilijus@mail.lt;P00096
Bazilijus;Beata;BazilijusBeata@mail.lt;P00097
Beata;Beatas;BeataBeatas@mail.lt;P00098
Beatas;Beatričė;BeatasBeatričė@mail.lt;P00099
Beatričė;Dafnė;BeatričėDafnė@mail.lt;P00100
Dafnė;Dagmara;DafnėDagmara@mail.lt;P00101
Dagmara;Dagnė;DagmaraDagnė@mail.lt;P00102
Dagnė;Dagnis;DagnėDagnis@mail.lt;P00103
Dagnis;Dagnius;DagnisDagnius@mail.lt;P00104
Dagnius;Dailius;DagniusDailius@mail.lt;P00105
Dailius;Daima;DailiusDaima@mail.lt;P00106
Daima;Daina;DaimaDaina@mail.lt;P00107
Daina;Dainė;DainaDainė@mail.lt;P00108
Dainė;Dainius;DainėDainius@mail.lt;P00109
Dainius;Dainora;DainiusDainora@mail.lt;P00110
Dainora;Dainoras;DainoraDainoras@mail.lt;P00111
Dainoras;Dainota;DainorasDainota@mail.lt;P00112
Dainota;Dainotas;DainotaDainotas@mail.lt;P00113
Dainotas;Dainys;DainotasDainys@mail.lt;P00114
Dainys;Daira;DainysDaira@mail.lt;P00115
Daira;Daiva;DairaDaiva@mail.lt;P00116
Daiva;Daivis;DaivaDaivis@mail.lt;P00117
Daivis;Dalia;DaivisDalia@mail.lt;P00118
Dalia;Dalija;DaliaDalija@mail.lt;P00119
Dalija;Dalila;DalijaDalila@mail.lt;P00120
Dalila;Dalilė;DalilaDalilė@mail.lt;P00121
Dalilė;Dalius;DalilėDalius@mail.lt;P00122
Dalius;Dalytė;DaliusDalytė@mail.lt;P00123
Dalytė;Damazas;DalytėDamazas@mail.lt;P00124
Damazas;Damijonas;DamazasDamijonas@mail.lt;P00125
Damijonas;Damyra;DamijonasDamyra@mail.lt;P00126
Damyra;Damyras;DamyraDamyras@mail.lt;P00127
Damyras;Dana;DamyrasDana@mail.lt;P00128
Dana;Danas;DanaDanas@mail.lt;P00129
Danas;Dangė;DanasDangė@mail.lt;P00130
Dangė;Dangira;DangėDangira@mail.lt;P00131
Dangira;Dangiras;DangiraDangiras@mail.lt;P00132
Dangiras;Dangirda;DangirasDangirda@mail.lt;P00133
Dangirda;Dangirdas;DangirdaDangirdas@mail.lt;P00134
Dangirdas;Dangirutė;DangirdasDangirutė@mail.lt;P00135
Dangirutė;Dangirutis;DangirutėDangirutis@mail.lt;P00136
Dangirutis;Dangis;DangirutisDangis@mail.lt;P00137
Dangis;Dangius;DangisDangius@mail.lt;P00138
Dangius;Danguolė;DangiusDanguolė@mail.lt;P00139
Danguolė;Danguolis;DanguolėDanguolis@mail.lt;P00140
Danguolis;Dangyra;DanguolisDangyra@mail.lt;P00141
Dangyra;Dangyras;DangyraDangyras@mail.lt;P00142
Dangyras;Dangys;DangyrasDangys@mail.lt;P00143
Dangys;Danielė;DangysDanielė@mail.lt;P00144
Danielė;Danielis;DanielėDanielis@mail.lt;P00145
Danielis;Danielius;DanielisDanielius@mail.lt;P00146
Danielius;Danilas;DanieliusDanilas@mail.lt;P00147
Danilas;Danilė;DanilasDanilė@mail.lt;P00148
Danilė;Danis;DanilėDanis@mail.lt;P00149
Danis;Edena;DanisEdena@mail.lt;P00150
Edena;Edgaras;EdenaEdgaras@mail.lt;P00151
Edgaras;Edilija;EdgarasEdilija@mail.lt;P00152
Edilija;Edita;EdilijaEdita@mail.lt;P00153
Edita;Edma;EditaEdma@mail.lt;P00154
Edma;Edmondas;EdmaEdmondas@mail.lt;P00155
Edmondas;Edmondė;EdmondasEdmondė@mail.lt;P00156
Edmondė;Edmundas;EdmondėEdmundas@mail.lt;P00157
Edmundas;Edmundė;EdmundasEdmundė@mail.lt;P00158
Edmundė;Edmutis;EdmundėEdmutis@mail.lt;P00159
Edmutis;Eduardas;EdmutisEduardas@mail.lt;P00160
Eduardas;Eduardė;EduardasEduardė@mail.lt;P00161
Eduardė;Edvardas;EduardėEdvardas@mail.lt;P00162
Edvardas;Edvardė;EdvardasEdvardė@mail.lt;P00163
Edvardė;Edvina;EdvardėEdvina@mail.lt;P00164
Edvina;Edvinas;EdvinaEdvinas@mail.lt;P00165
Edvinas;Efrema;EdvinasEfrema@mail.lt;P00166
Efrema;Efremas;EfremaEfremas@mail.lt;P00167
Efremas;Egbertas;EfremasEgbertas@mail.lt;P00168
Egbertas;Egidas;EgbertasEgidas@mail.lt;P00169
Egidas;Egidė;EgidasEgidė@mail.lt;P00170
Egidė;Egidija;EgidėEgidija@mail.lt;P00171
Egidija;Egidijus;EgidijaEgidijus@mail.lt;P00172
Egidijus;Egilas;EgidijusEgilas@mail.lt;P00173
Egilas;Egilis;EgilasEgilis@mail.lt;P00174
Egilis;Egis;EgilisEgis@mail.lt;P00175
Egis;Eglė;EgisEglė@mail.lt;P00176
Eglė;Egmontas;EglėEgmontas@mail.lt;P00177
Egmontas;Eibartas;EgmontasEibartas@mail.lt;P00178
Eibartas;Eibartė;EibartasEibartė@mail.lt;P00179
Eibartė;Eidimtas;EibartėEidimtas@mail.lt;P00180
Eidimtas;Eidimtė;EidimtasEidimtė@mail.lt;P00181
Eidimtė;Eidmantas;EidimtėEidmantas@mail.lt;P00182
Eidmantas;Eidmantė;EidmantasEidmantė@mail.lt;P00183
Eidmantė;Eidminas;EidmantėEidminas@mail.lt;P00184
Eidminas;Eidmintas;EidminasEidmintas@mail.lt;P00185
Eidmintas;Eidvilas;EidmintasEidvilas@mail.lt;P00186
Eidvilas;Eidvilė;EidvilasEidvilė@mail.lt;P00187
Eidvilė;Eigilas;EidvilėEigilas@mail.lt;P00188
Eigilas;Eigilė;EigilasEigilė@mail.lt;P00189
Eigilė;Eiginta;EigilėEiginta@mail.lt;P00190
Eiginta;Eigintas;EigintaEigintas@mail.lt;P00191
Eigintas;Eigintė;EigintasEigintė@mail.lt;P00192
Eigintė;Eigirdas;EigintėEigirdas@mail.lt;P00193
Eigirdas;Eigirdė;EigirdasEigirdė@mail.lt;P00194
Eigirdė;Eigmina;EigirdėEigmina@mail.lt;P00195
Eigmina;Eigminas;EigminaEigminas@mail.lt;P00196
Eigminas;Eilverija;EigminasEilverija@mail.lt;P00197
Eilverija;Eilverijus;EilverijaEilverijus@mail.lt;P00198
Eilverijus;Eimantas;EilverijusEimantas@mail.lt;P00199
Eimantas;Fabija;EimantasFabija@mail.lt;P00200
Fabija;Fabijolė;FabijaFabijolė@mail.lt;P00201
Fabijolė;Fabijonas;FabijolėFabijonas@mail.lt;P00202
Fabijonas;Fabijus;FabijonasFabijus@mail.lt;P00203
Fabijus;Fabio;FabijusFabio@mail.lt;P00204
Fabio;Fajeta;FabioFajeta@mail.lt;P00205
Fajeta;Fajetas;FajetaFajetas@mail.lt;P00206
Fajetas;Fajetona;FajetasFajetona@mail.lt;P00207
Fajetona;Fajetonas;FajetonaFajetonas@mail.lt;P00208
Fajetonas;Fatima;FajetonasFatima@mail.lt;P00209
Fatima;Fausta;FatimaFausta@mail.lt;P00210
Fausta;Faustas;FaustaFaustas@mail.lt;P00211
Faustas;Faustė;FaustasFaustė@mail.lt;P00212
Faustė;Faustina;FaustėFaustina@mail.lt;P00213
Faustina;Faustinas;FaustinaFaustinas@mail.lt;P00214
Faustinas;Felicija;FaustinasFelicija@mail.lt;P00215
Felicija;Felicijonas;FelicijaFelicijonas@mail.lt;P00216
Felicijonas;Felicijus;FelicijonasFelicijus@mail.lt;P00217
Felicijus;Felicisimas;FelicijusFelicisimas@mail.lt;P00218
Felicisimas;Felicita;FelicisimasFelicita@mail.lt;P00219
Felicita;Feliksas;FelicitaFeliksas@mail.lt;P00220
Feliksas;Felisitė;FeliksasFelisitė@mail.lt;P00221
Felisitė;Ferdinandas;FelisitėFerdinandas@mail.lt;P00222
Ferdinandas;Feridas;FerdinandasFeridas@mail.lt;P00223
Feridas;Feridė;FeridasFeridė@mail.lt;P00224
Feridė;Fernanda;FeridėFernanda@mail.lt;P00225
Fernanda;Fernandas;FernandaFernandas@mail.lt;P00226
Fernandas;Fida;FernandasFida@mail.lt;P00227
Fida;Fidė;FidaFidė@mail.lt;P00228
Fidė;Fidelija;FidėFidelija@mail.lt;P00229
Fidelija;Fidelis;FidelijaFidelis@mail.lt;P00230
Fidelis;Fidentas;FidelisFidentas@mail.lt;P00231
Fidentas;Fijona;FidentasFijona@mail.lt;P00232
Fijona;Filadelfija;FijonaFiladelfija@mail.lt;P00233
Filadelfija;Filadelfijus;FiladelfijaFiladelfijus@mail.lt;P00234
Filadelfijus;Filemona;FiladelfijusFilemona@mail.lt;P00235
Filemona;Filemonas;FilemonaFilemonas@mail.lt;P00236
Filemonas;Filomela;FilemonasFilomela@mail.lt;P00237
Filomela;Filomena;FilomelaFilomena@mail.lt;P00238
Filomena;Filomenas;FilomenaFilomenas@mail.lt;P00239
Filomenas;Fiodoras;FilomenasFiodoras@mail.lt;P00240
Fiodoras;Fiona;FiodorasFiona@mail.lt;P00241
Fiona;Fionė;FionaFionė@mail.lt;P00242
Fionė;Firmas;FionėFirmas@mail.lt;P00243
Firmas;Firmina;FirmasFirmina@mail.lt;P00244
Firmina;Firminas;FirminaFirminas@mail.lt;P00245
Firminas;Fiulgensas;FirminasFiulgensas@mail.lt;P00246
Fiulgensas;Flandrija;FiulgensasFlandrija@mail.lt;P00247
Flandrija;Flandrijus;FlandrijaFlandrijus@mail.lt;P00248
Flandrijus;Flavija;FlandrijusFlavija@mail.lt;P00249
Flavija;Gabija;FlavijaGabija@mail.lt;P00250
Gabija;Gabijus;GabijaGabijus@mail.lt;P00251
Gabijus;Gabrė;GabijusGabrė@mail.lt;P00252
Gabrė;Gabrielė;GabrėGabrielė@mail.lt;P00253
Gabrielė;Gabrielis;GabrielėGabrielis@mail.lt;P00254
Gabrielis;Gabrielius;GabrielisGabrielius@mail.lt;P00255
Gabrielius;Gabrius;GabrieliusGabrius@mail.lt;P00256
Gabrius;Gabrys;GabriusGabrys@mail.lt;P00257
Gabrys;Gaida;GabrysGaida@mail.lt;P00258
Gaida;Gaila;GaidaGaila@mail.lt;P00259
Gaila;Gailė;GailaGailė@mail.lt;P00260
Gailė;Gailenė;GailėGailenė@mail.lt;P00261
Gailenė;Gailenis;GailenėGailenis@mail.lt;P00262
Gailenis;Gailigedas;GailenisGailigedas@mail.lt;P00263
Gailigedas;Gailigedė;GailigedasGailigedė@mail.lt;P00264
Gailigedė;Gailintas;GailigedėGailintas@mail.lt;P00265
Gailintas;Gailintė;GailintasGailintė@mail.lt;P00266
Gailintė;Gailius;GailintėGailius@mail.lt;P00267
Gailius;Gailutė;GailiusGailutė@mail.lt;P00268
Gailutė;Gailutis;GailutėGailutis@mail.lt;P00269
Gailutis;Gaisva;GailutisGaisva@mail.lt;P00270
Gaisva;Gaiva;GaisvaGaiva@mail.lt;P00271
Gaiva;Gaivilas;GaivaGaivilas@mail.lt;P00272
Gaivilas;Gaivilė;GaivilasGaivilė@mail.lt;P00273
Gaivilė;Gaja;GaivilėGaja@mail.lt;P00274
Gaja;Gajus;GajaGajus@mail.lt;P00275
Gajus;Galė;GajusGalė@mail.lt;P00276
Galė;Galginta;GalėGalginta@mail.lt;P00277
Galginta;Galgintas;GalgintaGalgintas@mail.lt;P00278
Galgintas;Galgintė;GalgintasGalgintė@mail.lt;P00279
Galgintė;Galia;GalgintėGalia@mail.lt;P00280
Galia;Galiganta;GaliaGaliganta@mail.lt;P00281
Galiganta;Galigantas;GaligantaGaligantas@mail.lt;P00282
Galigantas;Galigina;GaligantasGaligina@mail.lt;P00283
Galigina;Galiginas;GaliginaGaliginas@mail.lt;P00284
Galiginas;Galiginė;GaliginasGaliginė@mail.lt;P00285
Galiginė;Galiginta;GaliginėGaliginta@mail.lt;P00286
Galiginta;Galigintas;GaligintaGaligintas@mail.lt;P00287
Galigintas;Galiminta;GaligintasGaliminta@mail.lt;P00288
Galiminta;Galimintas;GalimintaGalimintas@mail.lt;P00289
Galimintas;Galimintė;GalimintasGalimintė@mail.lt;P00290
Galimintė;Galina;GalimintėGalina@mail.lt;P00291
Galina;Galindas;GalinaGalindas@mail.lt;P00292
Galindas;Galindė;GalindasGalindė@mail.lt;P00293
Galindė;Galintas;GalindėGalintas@mail.lt;P00294
Galintas;Galintė;GalintasGalintė@mail.lt;P00295
Galintė;Galius;GalintėGalius@mail.lt;P00296
Galius;Galmantas;GaliusGalmantas@mail.lt;P00297
Galmantas;Galmantė;GalmantasGalmantė@mail.lt;P00298
Galmantė;Galmina;GalmantėGalmina@mail.lt;P00299
Galmina;Haidė;GalminaHaidė@mail.lt;P00300
Haidė;Hamletas;HaidėHamletas@mail.lt;P00301
Hamletas;Hana;HamletasHana@mail.lt;P00302
Hana;Hansas;HanaHansas@mail.lt;P00303
Hansas;Harada;HansasHarada@mail.lt;P00304
Harada;Haris;HaradaHaris@mail.lt;P00305
Haris;Haroldas;HarisHaroldas@mail.lt;P00306
Haroldas;Harpija;HaroldasHarpija@mail.lt;P00307
Harpija;Hektoras;HarpijaHektoras@mail.lt;P00308
Hektoras;Helbertas;HektorasHelbertas@mail.lt;P00309
Helbertas;Helė;HelbertasHelė@mail.lt;P00310
Helė;Helena;HelėHelena@mail.lt;P00311
Helena;Helga;HelenaHelga@mail.lt;P00312
Helga;Helianta;HelgaHelianta@mail.lt;P00313
Helianta;Heliodoras;HeliantaHeliodoras@mail.lt;P00314
Heliodoras;Helmutas;HeliodorasHelmutas@mail.lt;P00315
Helmutas;Henrieta;HelmutasHenrieta@mail.lt;P00316
Henrieta;Henrika;HenrietaHenrika@mail.lt;P00317
Henrika;Henrikas;HenrikaHenrikas@mail.lt;P00318
Henrikas;Henris;HenrikasHenris@mail.lt;P00319
Henris;Heraklis;HenrisHeraklis@mail.lt;P00320
Heraklis;Heraldas;HeraklisHeraldas@mail.lt;P00321
Heraldas;Herbertas;HeraldasHerbertas@mail.lt;P00322
Herbertas;Herkulis;HerbertasHerkulis@mail.lt;P00323
Herkulis;Herkus;HerkulisHerkus@mail.lt;P00324
Herkus;Hermanas;HerkusHermanas@mail.lt;P00325
Hermanas;Hermenas;HermanasHermenas@mail.lt;P00326
Hermenas;Hermina;HermenasHermina@mail.lt;P00327
Hermina;Hermiona;HerminaHermiona@mail.lt;P00328
Hermiona;Hermis;HermionaHermis@mail.lt;P00329
Hermis;Herodotas;HermisHerodotas@mail.lt;P00330
Herodotas;Hestera;HerodotasHestera@mail.lt;P00331
Hestera;Hiacinta;HesteraHiacinta@mail.lt;P00332
Hiacinta;Hiacintas;HiacintaHiacintas@mail.lt;P00333
Hiacintas;Hilaras;HiacintasHilaras@mail.lt;P00334
Hilaras;Hilarija;HilarasHilarija@mail.lt;P00335
Hilarija;Hilarijus;HilarijaHilarijus@mail.lt;P00336
Hilarijus;Hilda;HilarijusHilda@mail.lt;P00337
Hilda;Hildė;HildaHildė@mail.lt;P00338
Hildė;Hiliaras;HildėHiliaras@mail.lt;P00339
Hiliaras;Hiliarijonas;HiliarasHiliarijonas@mail.lt;P00340
Hiliarijonas;Hiliarijonė;HiliarijonasHiliarijonė@mail.lt;P00341
Hiliarijonė;Honorata;HiliarijonėHonorata@mail.lt;P00342
Honorata;Honoratas;HonorataHonoratas@mail.lt;P00343
Honoratas;Honorijus;HonoratasHonorijus@mail.lt;P00344
Honorijus;Horacijus;HonorijusHoracijus@mail.lt;P00345
Horacijus;Hortenzija;HoracijusHortenzija@mail.lt;P00346
Hortenzija;Hubertas;HortenzijaHubertas@mail.lt;P00347
Hubertas;Hugonas;HubertasHugonas@mail.lt;P00348
Hugonas;Ibrahimas;HugonasIbrahimas@mail.lt;P00349
Ibrahimas;Ichtiandras;IbrahimasIchtiandras@mail.lt;P00350
Ichtiandras;Ida;IchtiandrasIda@mail.lt;P00351
Ida;Idalija;IdaIdalija@mail.lt;P00352
Idalija;Idilija;IdalijaIdilija@mail.lt;P00353
Idilija;Idrakas;IdilijaIdrakas@mail.lt;P00354
Idrakas;Iduna;IdrakasIduna@mail.lt;P00355
Iduna;Ieva;IdunaIeva@mail.lt;P00356
Ieva;Iglesija;IevaIglesija@mail.lt;P00357
Iglesija;Iglesijus;IglesijaIglesijus@mail.lt;P00358
Iglesijus;Ignacas;IglesijusIgnacas@mail.lt;P00359
Ignacas;Ignacija;IgnacasIgnacija@mail.lt;P00360
Ignacija;Ignacijus;IgnacijaIgnacijus@mail.lt;P00361
Ignacijus;Ignas;IgnacijusIgnas@mail.lt;P00362
Ignas;Ignasas;IgnasIgnasas@mail.lt;P00363
Ignasas;Ignasė;IgnasasIgnasė@mail.lt;P00364
Ignasė;Ignasija;IgnasėIgnasija@mail.lt;P00365
Ignasija;Ignasijus;IgnasijaIgnasijus@mail.lt;P00366
Ignasijus;Ignė;IgnasijusIgnė@mail.lt;P00367
Ignė;Igneta;IgnėIgneta@mail.lt;P00368
Igneta;Ignius;IgnetaIgnius@mail.lt;P00369
Ignius;Ignotas;IgniusIgnotas@mail.lt;P00370
Ignotas;Igoris;IgnotasIgoris@mail.lt;P00371
Igoris;Ilja;IgorisIlja@mail.lt;P00372
Ilja;Ilma;IljaIlma@mail.lt;P00373
Ilma;Ilona;IlmaIlona@mail.lt;P00374
Ilona;Ilzė;IlonaIlzė@mail.lt;P00375
Ilzė;Ilzė;IlzėIlzė@mail.lt;P00376
Ilzė;Imodžena;IlzėImodžena@mail.lt;P00377
Imodžena;Imodženas;ImodženaImodženas@mail.lt;P00378
Imodženas;Ina;ImodženasIna@mail.lt;P00379
Ina;Indira;InaIndira@mail.lt;P00380
Indira;Indra;IndiraIndra@mail.lt;P00381
Indra;Indraja;IndraIndraja@mail.lt;P00382
Indraja;Indrajas;IndrajaIndrajas@mail.lt;P00383
Indrajas;Indrė;IndrajasIndrė@mail.lt;P00384
Indrė;Indrija;IndrėIndrija@mail.lt;P00385
Indrija;Indrijas;IndrijaIndrijas@mail.lt;P00386
Indrijas;Indronė;IndrijasIndronė@mail.lt;P00387
Indronė;Indronis;IndronėIndronis@mail.lt;P00388
Indronis;Inesa;IndronisInesa@mail.lt;P00389
Inesa;Inesė;InesaInesė@mail.lt;P00390
Inesė;Ineta;InesėIneta@mail.lt;P00391
Ineta;Ineza;InetaIneza@mail.lt;P00392
Ineza;Inga;InezaInga@mail.lt;P00393
Inga;Ingė;IngaIngė@mail.lt;P00394
Ingė;Ingeborga;IngėIngeborga@mail.lt;P00395
Ingeborga;Ingemaras;IngeborgaIngemaras@mail.lt;P00396
Ingemaras;Ingida;IngemarasIngida@mail.lt;P00397
Ingida;Ingmara;IngidaIngmara@mail.lt;P00398
Ingmara;Jacinta;IngmaraJacinta@mail.lt;P00399
Jacinta;Jacintas;JacintaJacintas@mail.lt;P00400
Jacintas;Jackus;JacintasJackus@mail.lt;P00401
Jackus;Jadvyga;JackusJadvyga@mail.lt;P00402
Jadvyga;Jadzė;JadvygaJadzė@mail.lt;P00403
Jadzė;Janė;JadzėJanė@mail.lt;P00404
Janė;Janina;JanėJanina@mail.lt;P00405
Janina;Janis;JaninaJanis@mail.lt;P00406
Janis;Jankas;JanisJankas@mail.lt;P00407
Jankas;Jankus;JankasJankus@mail.lt;P00408
Jankus;Januarija;JankusJanuarija@mail.lt;P00409
Januarija;Januarijus;JanuarijaJanuarijus@mail.lt;P00410
Januarijus;Jaromiras;JanuarijusJaromiras@mail.lt;P00411
Jaromiras;Jaronas;JaromirasJaronas@mail.lt;P00412
Jaronas;Jaroslava;JaronasJaroslava@mail.lt;P00413
Jaroslava;Jaroslavas;JaroslavaJaroslavas@mail.lt;P00414
Jaroslavas;Jarūnas;JaroslavasJarūnas@mail.lt;P00415
Jarūnas;Jarūnė;JarūnasJarūnė@mail.lt;P00416
Jarūnė;Jasmina;JarūnėJasmina@mail.lt;P00417
Jasmina;Jasminas;JasminaJasminas@mail.lt;P00418
Jasminas;Jasonas;JasminasJasonas@mail.lt;P00419
Jasonas;Jaunius;JasonasJaunius@mail.lt;P00420
Jaunius;Jaunutė;JauniusJaunutė@mail.lt;P00421
Jaunutė;Jaunutis;JaunutėJaunutis@mail.lt;P00422
Jaunutis;Jazmina;JaunutisJazmina@mail.lt;P00423
Jazmina;Jazminas;JazminaJazminas@mail.lt;P00424
Jazminas;Jekaterina;JazminasJekaterina@mail.lt;P00425
Jekaterina;Jelena;JekaterinaJelena@mail.lt;P00426
Jelena;Jerachmilas;JelenaJerachmilas@mail.lt;P00427
Jerachmilas;Jeremėjus;JerachmilasJeremėjus@mail.lt;P00428
Jeremėjus;Jeronima;JeremėjusJeronima@mail.lt;P00429
Jeronima;Jeronimas;JeronimaJeronimas@mail.lt;P00430
Jeronimas;Jevgenija;JeronimasJevgenija@mail.lt;P00431
Jevgenija;Jevgenijus;JevgenijaJevgenijus@mail.lt;P00432
Jevgenijus;Jėzus;JevgenijusJėzus@mail.lt;P00433
Jėzus;Joakimas;JėzusJoakimas@mail.lt;P00434
Joakimas;Joana;JoakimasJoana@mail.lt;P00435
Joana;Joanita;JoanaJoanita@mail.lt;P00436
Joanita;Jobas;JoanitaJobas@mail.lt;P00437
Jobas;Jodauga;JobasJodauga@mail.lt;P00438
Jodauga;Jodaugas;JodaugaJodaugas@mail.lt;P00439
Jodaugas;Jogaila;JodaugasJogaila@mail.lt;P00440
Jogaila;Jogailė;JogailaJogailė@mail.lt;P00441
Jogailė;Jogėlas;JogailėJogėlas@mail.lt;P00442
Jogėlas;Jogilė;JogėlasJogilė@mail.lt;P00443
Jogilė;Joginta;JogilėJoginta@mail.lt;P00444
Joginta;Jogintas;JogintaJogintas@mail.lt;P00445
Jogintas;Jogintė;JogintasJogintė@mail.lt;P00446
Jogintė;Jogirda;JogintėJogirda@mail.lt;P00447
Jogirda;Jogirdas;JogirdaJogirdas@mail.lt;P00448
Jogirdas;Kainas;JogirdasKainas@mail.lt;P00449
Kainas;Kaja;KainasKaja@mail.lt;P00450
Kaja;Kajetana;KajaKajetana@mail.lt;P00451
Kajetana;Kajetanas;KajetanaKajetanas@mail.lt;P00452
Kajetanas;Kajetona;KajetanasKajetona@mail.lt;P00453
Kajetona;Kajetonas;KajetonaKajetonas@mail.lt;P00454
Kajetonas;Kajus;KajetonasKajus@mail.lt;P00455
Kajus;Kalikstas;KajusKalikstas@mail.lt;P00456
Kalikstas;Kalikstė;KalikstasKalikstė@mail.lt;P00457
Kalikstė;Kalista;KalikstėKalista@mail.lt;P00458
Kalista;Kalistas;KalistaKalistas@mail.lt;P00459
Kalistas;Kamilas;KalistasKamilas@mail.lt;P00460
Kamilas;Kamilė;KamilasKamilė@mail.lt;P00461
Kamilė;Kamilija;KamilėKamilija@mail.lt;P00462
Kamilija;Kamilijana;KamilijaKamilijana@mail.lt;P00463
Kamilijana;Kamilijona;KamilijanaKamilijona@mail.lt;P00464
Kamilijona;Kamilijus;KamilijonaKamilijus@mail.lt;P00465
Kamilijus;Kamilis;KamilijusKamilis@mail.lt;P00466
Kamilis;Kandela;KamilisKandela@mail.lt;P00467
Kandela;Kandeliarija;KandelaKandeliarija@mail.lt;P00468
Kandeliarija;Kandeliarijus;KandeliarijaKandeliarijus@mail.lt;P00469
Kandeliarijus;Kandida;KandeliarijusKandida@mail.lt;P00470
Kandida;Kandidas;KandidaKandidas@mail.lt;P00471
Kandidas;Kantautas;KandidasKantautas@mail.lt;P00472
Kantautas;Kantautė;KantautasKantautė@mail.lt;P00473
Kantautė;Kantrimas;KantautėKantrimas@mail.lt;P00474
Kantrimas;Kantrimė;KantrimasKantrimė@mail.lt;P00475
Kantrimė;Kantvilas;KantrimėKantvilas@mail.lt;P00476
Kantvilas;Kantvilė;KantvilasKantvilė@mail.lt;P00477
Kantvilė;Kantvyda;KantvilėKantvyda@mail.lt;P00478
Kantvyda;Kantvydas;KantvydaKantvydas@mail.lt;P00479
Kantvydas;Kantvydė;KantvydasKantvydė@mail.lt;P00480
Kantvydė;Kanutas;KantvydėKanutas@mail.lt;P00481
Kanutas;Kargaudas;KanutasKargaudas@mail.lt;P00482
Kargaudas;Kaributas;KargaudasKaributas@mail.lt;P00483
Kaributas;Karigaila;KaributasKarigaila@mail.lt;P00484
Karigaila;Karigailė;KarigailaKarigailė@mail.lt;P00485
Karigailė;Karigaudė;KarigailėKarigaudė@mail.lt;P00486
Karigaudė;Karijotas;KarigaudėKarijotas@mail.lt;P00487
Karijotas;Karina;KarijotasKarina@mail.lt;P00488
Karina;Kariotas;KarinaKariotas@mail.lt;P00489
Kariotas;Karla;KariotasKarla@mail.lt;P00490
Karla;Karlas;KarlaKarlas@mail.lt;P00491
Karlas;Karlita;KarlasKarlita@mail.lt;P00492
Karlita;Karlitas;KarlitaKarlitas@mail.lt;P00493
Karlitas;Karmela;KarlitasKarmela@mail.lt;P00494
Karmela;Karolė;KarmelaKarolė@mail.lt;P00495
Karolė;Karolina;KarolėKarolina@mail.lt;P00496
Karolina;Karolis;KarolinaKarolis@mail.lt;P00497
Karolis;Karstenas;KarolisKarstenas@mail.lt;P00498
Karstenas;Labgaudas;KarstenasLabgaudas@mail.lt;P00499
Labgaudas;Labvardas;LabgaudasLabvardas@mail.lt;P00500
Labvardas;Labys;LabvardasLabys@mail.lt;P00501
Labys;Lada;LabysLada@mail.lt;P00502
Lada;Laertas;LadaLaertas@mail.lt;P00503
Laertas;Laima;LaertasLaima@mail.lt;P00504
Laima;Laimantas;LaimaLaimantas@mail.lt;P00505
Laimantas;Laimantė;LaimantasLaimantė@mail.lt;P00506
Laimantė;Laimė;LaimantėLaimė@mail.lt;P00507
Laimė;Laiminta;LaimėLaiminta@mail.lt;P00508
Laiminta;Laimintas;LaimintaLaimintas@mail.lt;P00509
Laimintas;Laimis;LaimintasLaimis@mail.lt;P00510
Laimis;Laimona;LaimisLaimona@mail.lt;P00511
Laimona;Laimonas;LaimonaLaimonas@mail.lt;P00512
Laimonas;Laimonė;LaimonasLaimonė@mail.lt;P00513
Laimonė;Laimūnas;LaimonėLaimūnas@mail.lt;P00514
Laimūnas;Laimūnė;LaimūnasLaimūnė@mail.lt;P00515
Laimūnė;Laimutė;LaimūnėLaimutė@mail.lt;P00516
Laimutė;Laimutis;LaimutėLaimutis@mail.lt;P00517
Laimutis;Laisvė;LaimutisLaisvė@mail.lt;P00518
Laisvė;Laisvidas;LaisvėLaisvidas@mail.lt;P00519
Laisvidas;Laisvis;LaisvidasLaisvis@mail.lt;P00520
Laisvis;Laisvūnas;LaisvisLaisvūnas@mail.lt;P00521
Laisvūnas;Laisvūnė;LaisvūnasLaisvūnė@mail.lt;P00522
Laisvūnė;Laisvyda;LaisvūnėLaisvyda@mail.lt;P00523
Laisvyda;Laisvydas;LaisvydaLaisvydas@mail.lt;P00524
Laisvydas;Laisvydė;LaisvydasLaisvydė@mail.lt;P00525
Laisvydė;Lama;LaisvydėLama@mail.lt;P00526
Lama;Lana;LamaLana@mail.lt;P00527
Lana;Larisa;LanaLarisa@mail.lt;P00528
Larisa;Lauksmina;LarisaLauksmina@mail.lt;P00529
Lauksmina;Lauksminas;LauksminaLauksminas@mail.lt;P00530
Lauksminas;Lauksminė;LauksminasLauksminė@mail.lt;P00531
Lauksminė;Laumė;LauksminėLaumė@mail.lt;P00532
Laumė;Laura;LaumėLaura@mail.lt;P00533
Laura;Lauras;LauraLauras@mail.lt;P00534
Lauras;Laurencija;LaurasLaurencija@mail.lt;P00535
Laurencija;Laurencijus;LaurencijaLaurencijus@mail.lt;P00536
Laurencijus;Laurensija;LaurencijusLaurensija@mail.lt;P00537
Laurensija;Laurensijus;LaurensijaLaurensijus@mail.lt;P00538
Laurensijus;Laureta;LaurensijusLaureta@mail.lt;P00539
Laureta;Laurinta;LauretaLaurinta@mail.lt;P00540
Laurinta;Lauris;LaurintaLauris@mail.lt;P00541
Lauris;Laurita;LaurisLaurita@mail.lt;P00542
Laurita;Lauryna;LauritaLauryna@mail.lt;P00543
Lauryna;Laurynas;LaurynaLaurynas@mail.lt;P00544
Laurynas;Leandras;LaurynasLeandras@mail.lt;P00545
Leandras;Leda;LeandrasLeda@mail.lt;P00546
Leda;Leifa;LedaLeifa@mail.lt;P00547
Leifa;Leifas;LeifaLeifas@mail.lt;P00548
Leifas;Machmudas;LeifasMachmudas@mail.lt;P00549
Machmudas;Madajus;MachmudasMadajus@mail.lt;P00550
Madajus;Madas;MadajusMadas@mail.lt;P00551
Madas;Magda;MadasMagda@mail.lt;P00552
Magda;Magdalena;MagdaMagdalena@mail.lt;P00553
Magdalena;Magdė;MagdalenaMagdė@mail.lt;P00554
Magdė;Magnas;MagdėMagnas@mail.lt;P00555
Magnas;Maiklas;MagnasMaiklas@mail.lt;P00556
Maiklas;Maja;MaiklasMaja@mail.lt;P00557
Maja;Maksas;MajaMaksas@mail.lt;P00558
Maksas;Maksima;MaksasMaksima@mail.lt;P00559
Maksima;Maksimas;MaksimaMaksimas@mail.lt;P00560
Maksimas;Maksimilijona;MaksimasMaksimilijona@mail.lt;P00561
Maksimilijona;Maksimilijonas;MaksimilijonaMaksimilijonas@mail.lt;P00562
Maksimilijonas;Malena;MaksimilijonasMalena@mail.lt;P00563
Malena;Malgožata;MalenaMalgožata@mail.lt;P00564
Malgožata;Malvina;MalgožataMalvina@mail.lt;P00565
Malvina;Mamerta;MalvinaMamerta@mail.lt;P00566
Mamerta;Mamertas;MamertaMamertas@mail.lt;P00567
Mamertas;Mandravas;MamertasMandravas@mail.lt;P00568
Mandravas;Mandravė;MandravasMandravė@mail.lt;P00569
Mandravė;Mandrė;MandravėMandrė@mail.lt;P00570
Mandrė;Mandrius;MandrėMandrius@mail.lt;P00571
Mandrius;Manfredas;MandriusManfredas@mail.lt;P00572
Manfredas;Mangailas;ManfredasMangailas@mail.lt;P00573
Mangailas;Mangailė;MangailasMangailė@mail.lt;P00574
Mangailė;Mangirda;MangailėMangirda@mail.lt;P00575
Mangirda;Mangirdas;MangirdaMangirdas@mail.lt;P00576
Mangirdas;Mantas;MangirdasMantas@mail.lt;P00577
Mantas;Mantautas;MantasMantautas@mail.lt;P00578
Mantautas;Mantautė;MantautasMantautė@mail.lt;P00579
Mantautė;Mantė;MantautėMantė@mail.lt;P00580
Mantė;Mantgailas;MantėMantgailas@mail.lt;P00581
Mantgailas;Mantgailė;MantgailasMantgailė@mail.lt;P00582
Mantgailė;Mantgirda;MantgailėMantgirda@mail.lt;P00583
Mantgirda;Mantgirdas;MantgirdaMantgirdas@mail.lt;P00584
Mantgirdas;Mantigailas;MantgirdasMantigailas@mail.lt;P00585
Mantigailas;Mantigailė;MantigailasMantigailė@mail.lt;P00586
Mantigailė;Mantigirda;MantigailėMantigirda@mail.lt;P00587
Mantigirda;Mantigirdas;MantigirdaMantigirdas@mail.lt;P00588
Mantigirdas;Mantilas;MantigirdasMantilas@mail.lt;P00589
Mantilas;Mantilė;MantilasMantilė@mail.lt;P00590
Mantilė;Mantmilas;MantilėMantmilas@mail.lt;P00591
Mantmilas;Mantmilė;MantmilasMantmilė@mail.lt;P00592
Mantmilė;Mantminas;MantmilėMantminas@mail.lt;P00593
Mantminas;Mantminė;MantminasMantminė@mail.lt;P00594
Mantminė;Mantrė;MantminėMantrė@mail.lt;P00595
Mantrė;Mantrima;MantrėMantrima@mail.lt;P00596
Mantrima;Mantrimas;MantrimaMantrimas@mail.lt;P00597
Mantrimas;Mantrimė;MantrimasMantrimė@mail.lt;P00598
Mantrimė;Nadežda;MantrimėNadežda@mail.lt;P00599
Nadežda;Nadiežda;NadeždaNadiežda@mail.lt;P00600
Nadiežda;Naglis;NadieždaNaglis@mail.lt;P00601
Naglis;Naimantas;NaglisNaimantas@mail.lt;P00602
Naimantas;Nandas;NaimantasNandas@mail.lt;P00603
Nandas;Napalius;NandasNapalius@mail.lt;P00604
Napalius;Napalys;NapaliusNapalys@mail.lt;P00605
Napalys;Napoleonas;NapalysNapoleonas@mail.lt;P00606
Napoleonas;Narcizas;NapoleonasNarcizas@mail.lt;P00607
Narcizas;Narimantas;NarcizasNarimantas@mail.lt;P00608
Narimantas;Narimantė;NarimantasNarimantė@mail.lt;P00609
Narimantė;Narūnas;NarimantėNarūnas@mail.lt;P00610
Narūnas;Narūnė;NarūnasNarūnė@mail.lt;P00611
Narūnė;Narutė;NarūnėNarutė@mail.lt;P00612
Narutė;Narutis;NarutėNarutis@mail.lt;P00613
Narutis;Narvyda;NarutisNarvyda@mail.lt;P00614
Narvyda;Narvydas;NarvydaNarvydas@mail.lt;P00615
Narvydas;Narvydė;NarvydasNarvydė@mail.lt;P00616
Narvydė;Nastas;NarvydėNastas@mail.lt;P00617
Nastas;Nastė;NastasNastė@mail.lt;P00618
Nastė;Nastys;NastėNastys@mail.lt;P00619
Nastys;Natalija;NastysNatalija@mail.lt;P00620
Natalija;Natalis;NatalijaNatalis@mail.lt;P00621
Natalis;Natanaelis;NatalisNatanaelis@mail.lt;P00622
Natanaelis;Natanas;NatanaelisNatanas@mail.lt;P00623
Natanas;Naubartas;NatanasNaubartas@mail.lt;P00624
Naubartas;Naubartė;NaubartasNaubartė@mail.lt;P00625
Naubartė;Naura;NaubartėNaura@mail.lt;P00626
Naura;Naurimantas;NauraNaurimantas@mail.lt;P00627
Naurimantas;Naurimantė;NaurimantasNaurimantė@mail.lt;P00628
Naurimantė;Nauris;NaurimantėNauris@mail.lt;P00629
Nauris;Naurūnas;NaurisNaurūnas@mail.lt;P00630
Naurūnas;Naurūnė;NaurūnasNaurūnė@mail.lt;P00631
Naurūnė;Nazaras;NaurūnėNazaras@mail.lt;P00632
Nazaras;Nazarijus;NazarasNazarijus@mail.lt;P00633
Nazarijus;Nedas;NazarijusNedas@mail.lt;P00634
Nedas;Nefertitė;NedasNefertitė@mail.lt;P00635
Nefertitė;Neilas;NefertitėNeilas@mail.lt;P00636
Neilas;Neimantas;NeilasNeimantas@mail.lt;P00637
Neimantas;Neimantė;NeimantasNeimantė@mail.lt;P00638
Neimantė;Neivyda;NeimantėNeivyda@mail.lt;P00639
Neivyda;Neivydas;NeivydaNeivydas@mail.lt;P00640
Neivydas;Neivydė;NeivydasNeivydė@mail.lt;P00641
Neivydė;Nelė;NeivydėNelė@mail.lt;P00642
Nelė;Nelly;NelėNelly@mail.lt;P00643
Nelly;Nemira;NellyNemira@mail.lt;P00644
Nemira;Nemumas;NemiraNemumas@mail.lt;P00645
Nemumas;Nencė;NemumasNencė@mail.lt;P00646
Nencė;Nendrė;NencėNendrė@mail.lt;P00647
Nendrė;Nensė;NendrėNensė@mail.lt;P00648
Nensė;Odeta;NensėOdeta@mail.lt;P00649
Odeta;Odilė;OdetaOdilė@mail.lt;P00650
Odilė;Odilija;OdilėOdilija@mail.lt;P00651
Odilija;Odisėjas;OdilijaOdisėjas@mail.lt;P00652
Odisėjas;Odrė;OdisėjasOdrė@mail.lt;P00653
Odrė;Odri;OdrėOdri@mail.lt;P00654
Odri;Ofelija;OdriOfelija@mail.lt;P00655
Ofelija;Oksana;OfelijaOksana@mail.lt;P00656
Oksana;Oksanas;OksanaOksanas@mail.lt;P00657
Oksanas;Oktavija;OksanasOktavija@mail.lt;P00658
Oktavija;Oktavijus;OktavijaOktavijus@mail.lt;P00659
Oktavijus;Olavas;OktavijusOlavas@mail.lt;P00660
Olavas;Olegas;OlavasOlegas@mail.lt;P00661
Olegas;Olesė;OlegasOlesė@mail.lt;P00662
Olesė;Olesis;OlesėOlesis@mail.lt;P00663
Olesis;Olga;OlesisOlga@mail.lt;P00664
Olga;Olia;OlgaOlia@mail.lt;P00665
Olia;Olimpija;OliaOlimpija@mail.lt;P00666
Olimpija;Olimpijus;OlimpijaOlimpijus@mail.lt;P00667
Olimpijus;Olivija;OlimpijusOlivija@mail.lt;P00668
Olivija;Ona;OlivijaOna@mail.lt;P00669
Ona;Opulencija;OnaOpulencija@mail.lt;P00670
Opulencija;Opulencijus;OpulencijaOpulencijus@mail.lt;P00671
Opulencijus;Oresta;OpulencijusOresta@mail.lt;P00672
Oresta;Orestas;OrestaOrestas@mail.lt;P00673
Orestas;Orinta;OrestasOrinta@mail.lt;P00674
Orinta;Orintas;OrintaOrintas@mail.lt;P00675
Orintas;Orlandas;OrintasOrlandas@mail.lt;P00676
Orlandas;Orvelas;OrlandasOrvelas@mail.lt;P00677
Orvelas;Osama;OrvelasOsama@mail.lt;P00678
Osama;Oskaras;OsamaOskaras@mail.lt;P00679
Oskaras;Osmundas;OskarasOsmundas@mail.lt;P00680
Osmundas;Ostinas;OsmundasOstinas@mail.lt;P00681
Ostinas;Osvaldas;OstinasOsvaldas@mail.lt;P00682
Osvaldas;Otas;OsvaldasOtas@mail.lt;P00683
Otas;Otilija;OtasOtilija@mail.lt;P00684
Otilija;Otonas;OtilijaOtonas@mail.lt;P00685
Otonas;Ovidija;OtonasOvidija@mail.lt;P00686
Ovidija;Ovidijus;OvidijaOvidijus@mail.lt;P00687
Ovidijus;Pablo;OvidijusPablo@mail.lt;P00688
Pablo;Pajauta;PabloPajauta@mail.lt;P00689
Pajauta;Paladijus;PajautaPaladijus@mail.lt;P00690
Paladijus;Palemonas;PaladijusPalemonas@mail.lt;P00691
Palemonas;Palma;PalemonasPalma@mail.lt;P00692
Palma;Palmira;PalmaPalmira@mail.lt;P00693
Palmira;Palmyra;PalmiraPalmyra@mail.lt;P00694
Palmyra;Panteleonas;PalmyraPanteleonas@mail.lt;P00695
Panteleonas;Paola;PanteleonasPaola@mail.lt;P00696
Paola;Paskalis;PaolaPaskalis@mail.lt;P00697
Paskalis;Pastoras;PaskalisPastoras@mail.lt;P00698
Pastoras;Patas;PastorasPatas@mail.lt;P00699
Patas;Patijus;PatasPatijus@mail.lt;P00700
Patijus;Patricija;PatijusPatricija@mail.lt;P00701
Patricija;Patricijus;PatricijaPatricijus@mail.lt;P00702
Patricijus;Patrikas;PatricijusPatrikas@mail.lt;P00703
Patrikas;Patrimpas;PatrikasPatrimpas@mail.lt;P00704
Patrimpas;Patris;PatrimpasPatris@mail.lt;P00705
Patris;Paula;PatrisPaula@mail.lt;P00706
Paula;Paulė;PaulaPaulė@mail.lt;P00707
Paulė;Paulina;PaulėPaulina@mail.lt;P00708
Paulina;Paulinas;PaulinaPaulinas@mail.lt;P00709
Paulinas;Paulita;PaulinasPaulita@mail.lt;P00710
Paulita;Paulius;PaulitaPaulius@mail.lt;P00711
Paulius;Pavelas;PauliusPavelas@mail.lt;P00712
Pavelas;Pavlas;PavelasPavlas@mail.lt;P00713
Pavlas;Pedras;PavlasPedras@mail.lt;P00714
Pedras;Pedro;PedrasPedro@mail.lt;P00715
Pedro;Pelagija;PedroPelagija@mail.lt;P00716
Pelagija;Pelagijus;PelagijaPelagijus@mail.lt;P00717
Pelagijus;Penelopė;PelagijusPenelopė@mail.lt;P00718
Penelopė;Perida;PenelopėPerida@mail.lt;P00719
Perida;Perla;PeridaPerla@mail.lt;P00720
Perla;Perlas;PerlaPerlas@mail.lt;P00721
Perlas;Peteris;PerlasPeteris@mail.lt;P00722
Peteris;Petras;PeterisPetras@mail.lt;P00723
Petras;Petrė;PetrasPetrė@mail.lt;P00724
Petrė;Petronėlė;PetrėPetronėlė@mail.lt;P00725
Petronėlė;Petronijus;PetronėlėPetronijus@mail.lt;P00726
Petronijus;Pijonija;PetronijusPijonija@mail.lt;P00727
Pijonija;Pijonijus;PijonijaPijonijus@mail.lt;P00728
Pijonijus;Pijus;PijonijusPijus@mail.lt;P00729
Pijus;Pilypa;PijusPilypa@mail.lt;P00730
Pilypa;Pilypas;PilypaPilypas@mail.lt;P00731
Pilypas;Piotras;PilypasPiotras@mail.lt;P00732
Piotras;Placida;PiotrasPlacida@mail.lt;P00733
Placida;Placidas;PlacidaPlacidas@mail.lt;P00734
Placidas;Plegas;PlacidasPlegas@mail.lt;P00735
Plegas;Plegonas;PlegasPlegonas@mail.lt;P00736
Plegonas;Polė;PlegonasPolė@mail.lt;P00737
Polė;Rachelė;PolėRachelė@mail.lt;P00738
Rachelė;Rachmilas;RachelėRachmilas@mail.lt;P00739
Rachmilas;Radė;RachmilasRadė@mail.lt;P00740
Radė;Radegunda;RadėRadegunda@mail.lt;P00741
Radegunda;Radegundas;RadegundaRadegundas@mail.lt;P00742
Radegundas;Radislava;RadegundasRadislava@mail.lt;P00743
Radislava;Radislavas;RadislavaRadislavas@mail.lt;P00744
Radislavas;Radmila;RadislavasRadmila@mail.lt;P00745
Radmila;Radmilas;RadmilaRadmilas@mail.lt;P00746
Radmilas;Radmilė;RadmilasRadmilė@mail.lt;P00747
Radmilė;Radolfas;RadmilėRadolfas@mail.lt;P00748
Radolfas;Radvilas;RadolfasRadvilas@mail.lt;P00749
Radvilas;Radvilė;RadvilasRadvilė@mail.lt;P00750
Radvilė;Radvydas;RadvilėRadvydas@mail.lt;P00751
Radvydas;Radvydė;RadvydasRadvydė@mail.lt;P00752
Radvydė;Radys;RadvydėRadys@mail.lt;P00753
Radys;Rafaelė;RadysRafaelė@mail.lt;P00754
Rafaelė;Rafaelis;RafaelėRafaelis@mail.lt;P00755
Rafaelis;Raima;RafaelisRaima@mail.lt;P00756
Raima;Raimis;RaimaRaimis@mail.lt;P00757
Raimis;Raimonda;RaimisRaimonda@mail.lt;P00758
Raimonda;Raimondas;RaimondaRaimondas@mail.lt;P00759
Raimondas;Raimunda;RaimondasRaimunda@mail.lt;P00760
Raimunda;Raimundas;RaimundaRaimundas@mail.lt;P00761
Raimundas;Rainolda;RaimundasRainolda@mail.lt;P00762
Rainolda;Rainoldas;RainoldaRainoldas@mail.lt;P00763
Rainoldas;Raitvilas;RainoldasRaitvilas@mail.lt;P00764
Raitvilas;Raitvilė;RaitvilasRaitvilė@mail.lt;P00765
Raitvilė;Raivedys;RaitvilėRaivedys@mail.lt;P00766
Raivedys;Ralfas;RaivedysRalfas@mail.lt;P00767
Ralfas;Ramantas;RalfasRamantas@mail.lt;P00768
Ramantas;Ramantė;RamantasRamantė@mail.lt;P00769
Ramantė;Ramas;RamantėRamas@mail.lt;P00770
Ramas;Ramazanas;RamasRamazanas@mail.lt;P00771
Ramazanas;Raminta;RamazanasRaminta@mail.lt;P00772
Raminta;Ramintas;RamintaRamintas@mail.lt;P00773
Ramintas;Ramojus;RamintasRamojus@mail.lt;P00774
Ramojus;Ramona;RamojusRamona@mail.lt;P00775
Ramona;Ramonas;RamonaRamonas@mail.lt;P00776
Ramonas;Ramūnas;RamonasRamūnas@mail.lt;P00777
Ramūnas;Ramunė;RamūnasRamunė@mail.lt;P00778
Ramunė;Ramunė;RamunėRamunė@mail.lt;P00779
Ramunė;Ramutė;RamunėRamutė@mail.lt;P00780
Ramutė;Ramutis;RamutėRamutis@mail.lt;P00781
Ramutis;Ramvyda;RamutisRamvyda@mail.lt;P00782
Ramvyda;Ramvydas;RamvydaRamvydas@mail.lt;P00783
Ramvydas;Ramvydė;RamvydasRamvydė@mail.lt;P00784
Ramvydė;Rapolas;RamvydėRapolas@mail.lt;P00785
Rapolas;Rapolė;RapolasRapolė@mail.lt;P00786
Rapolė;Rasa;RapolėRasa@mail.lt;P00787
Rasa;Sabilė;RasaSabilė@mail.lt;P00788
Sabilė;Sabina;SabilėSabina@mail.lt;P00789
Sabina;Sabinas;SabinaSabinas@mail.lt;P00790
Sabinas;Sabrina;SabinasSabrina@mail.lt;P00791
Sabrina;Saimonas;SabrinaSaimonas@mail.lt;P00792
Saimonas;Saimontas;SaimonasSaimontas@mail.lt;P00793
Saimontas;Saliamonas;SaimontasSaliamonas@mail.lt;P00794
Saliamonas;Salomėja;SaliamonasSalomėja@mail.lt;P00795
Salomėja;Salvadoras;SalomėjaSalvadoras@mail.lt;P00796
Salvadoras;Salvė;SalvadorasSalvė@mail.lt;P00797
Salvė;Salveiga;SalvėSalveiga@mail.lt;P00798
Salveiga;Salvija;SalveigaSalvija@mail.lt;P00799
Salvija;Salvijus;SalvijaSalvijus@mail.lt;P00800
Salvijus;Salvinas;SalvijusSalvinas@mail.lt;P00801
Salvinas;Salvinija;SalvinasSalvinija@mail.lt;P00802
Salvinija;Salvis;SalvinijaSalvis@mail.lt;P00803
Salvis;Salys;SalvisSalys@mail.lt;P00804
Salys;Samanta;SalysSamanta@mail.lt;P00805
Samanta;Sambangas;SamantaSambangas@mail.lt;P00806
Sambangas;Samsonas;SambangasSamsonas@mail.lt;P00807
Samsonas;Samuelis;SamsonasSamuelis@mail.lt;P00808
Samuelis;Sanbangas;SamuelisSanbangas@mail.lt;P00809
Sanbangas;Sandra;SanbangasSandra@mail.lt;P00810
Sandra;Sandrijus;SandraSandrijus@mail.lt;P00811
Sandrijus;Sandrita;SandrijusSandrita@mail.lt;P00812
Sandrita;Sandrius;SandritaSandrius@mail.lt;P00813
Sandrius;Sangailas;SandriusSangailas@mail.lt;P00814
Sangailas;Sangailė;SangailasSangailė@mail.lt;P00815
Sangailė;Sangina;SangailėSangina@mail.lt;P00816
Sangina;Sanginas;SanginaSanginas@mail.lt;P00817
Sanginas;Sangirda;SanginasSangirda@mail.lt;P00818
Sangirda;Sangirdas;SangirdaSangirdas@mail.lt;P00819
Sangirdas;Sanija;SangirdasSanija@mail.lt;P00820
Sanija;Sanijus;SanijaSanijus@mail.lt;P00821
Sanijus;Sanita;SanijusSanita@mail.lt;P00822
Sanita;Sanitas;SanitaSanitas@mail.lt;P00823
Sanitas;Sanrimas;SanitasSanrimas@mail.lt;P00824
Sanrimas;Sanrimė;SanrimasSanrimė@mail.lt;P00825
Sanrimė;Santa;SanrimėSanta@mail.lt;P00826
Santa;Santara;SantaSantara@mail.lt;P00827
Santara;Santaras;SantaraSantaras@mail.lt;P00828
Santaras;Santarė;SantarasSantarė@mail.lt;P00829
Santarė;Santautas;SantarėSantautas@mail.lt;P00830
Santautas;Santautė;SantautasSantautė@mail.lt;P00831
Santautė;Sara;SantautėSara@mail.lt;P00832
Sara;Sarita;SaraSarita@mail.lt;P00833
Sarita;Sati;SaritaSati@mail.lt;P00834
Sati;Saturnina;SatiSaturnina@mail.lt;P00835
Saturnina;Saturninas;SaturninaSaturninas@mail.lt;P00836
Saturninas;Saudravas;SaturninasSaudravas@mail.lt;P00837
Saudravas;Tadas;SaudravasTadas@mail.lt;P00838
Tadas;Tadė;TadasTadė@mail.lt;P00839
Tadė;Tadeušas;TadėTadeušas@mail.lt;P00840
Tadeušas;Tajus;TadeušasTajus@mail.lt;P00841
Tajus;Talius;TajusTalius@mail.lt;P00842
Talius;Tamara;TaliusTamara@mail.lt;P00843
Tamara;Tania;TamaraTania@mail.lt;P00844
Tania;Tanvilas;TaniaTanvilas@mail.lt;P00845
Tanvilas;Tanvilė;TanvilasTanvilė@mail.lt;P00846
Tanvilė;Tarena;TanvilėTarena@mail.lt;P00847
Tarena;Tarenas;TarenaTarenas@mail.lt;P00848
Tarenas;Tarmantas;TarenasTarmantas@mail.lt;P00849
Tarmantas;Tarmantė;TarmantasTarmantė@mail.lt;P00850
Tarmantė;Tarvainas;TarmantėTarvainas@mail.lt;P00851
Tarvainas;Tarvainė;TarvainasTarvainė@mail.lt;P00852
Tarvainė;Tarvilas;TarvainėTarvilas@mail.lt;P00853
Tarvilas;Tarvilė;TarvilasTarvilė@mail.lt;P00854
Tarvilė;Tarvina;TarvilėTarvina@mail.lt;P00855
Tarvina;Tarvinas;TarvinaTarvinas@mail.lt;P00856
Tarvinas;Tatjana;TarvinasTatjana@mail.lt;P00857
Tatjana;Tauras;TatjanaTauras@mail.lt;P00858
Tauras;Taurė;TaurasTaurė@mail.lt;P00859
Taurė;Taurija;TaurėTaurija@mail.lt;P00860
Taurija;Taurijus;TaurijaTaurijus@mail.lt;P00861
Taurijus;Taurius;TaurijusTaurius@mail.lt;P00862
Taurius;Taurys;TauriusTaurys@mail.lt;P00863
Taurys;Tautas;TaurysTautas@mail.lt;P00864
Tautas;Tautė;TautasTautė@mail.lt;P00865
Tautė;Tautenė;TautėTautenė@mail.lt;P00866
Tautenė;Tautenis;TautenėTautenis@mail.lt;P00867
Tautenis;Tautgailas;TautenisTautgailas@mail.lt;P00868
Tautgailas;Tautgailė;TautgailasTautgailė@mail.lt;P00869
Tautgailė;Tautgina;TautgailėTautgina@mail.lt;P00870
Tautgina;Tautginas;TautginaTautginas@mail.lt;P00871
Tautginas;Tautginė;TautginasTautginė@mail.lt;P00872
Tautginė;Tautginta;TautginėTautginta@mail.lt;P00873
Tautginta;Tautgintas;TautgintaTautgintas@mail.lt;P00874
Tautgintas;Tautgintė;TautgintasTautgintė@mail.lt;P00875
Tautgintė;Tautgirdas;TautgintėTautgirdas@mail.lt;P00876
Tautgirdas;Tautgirdė;TautgirdasTautgirdė@mail.lt;P00877
Tautgirdė;Tautkanta;TautgirdėTautkanta@mail.lt;P00878
Tautkanta;Tautkantas;TautkantaTautkantas@mail.lt;P00879
Tautkantas;Tautmilas;TautkantasTautmilas@mail.lt;P00880
Tautmilas;Tautmilė;TautmilasTautmilė@mail.lt;P00881
Tautmilė;Tautrimas;TautmilėTautrimas@mail.lt;P00882
Tautrimas;Tautrimė;TautrimasTautrimė@mail.lt;P00883
Tautrimė;Tautvaldas;TautrimėTautvaldas@mail.lt;P00884
Tautvaldas;Tautvaldė;TautvaldasTautvaldė@mail.lt;P00885
Tautvaldė;Tautvė;TautvaldėTautvė@mail.lt;P00886
Tautvė;Tautvilas;TautvėTautvilas@mail.lt;P00887
Tautvilas;Ubaldas;TautvilasUbaldas@mail.lt;P00888
Ubaldas;Ugnė;UbaldasUgnė@mail.lt;P00889
Ugnė;Ugnius;UgnėUgnius@mail.lt;P00890
Ugnius;Uldis;UgniusUldis@mail.lt;P00891
Uldis;Ulijona;UldisUlijona@mail.lt;P00892
Ulijona;Uljana;UlijonaUljana@mail.lt;P00893
Uljana;Uljanas;UljanaUljanas@mail.lt;P00894
Uljanas;Ulrichas;UljanasUlrichas@mail.lt;P00895
Ulrichas;Ulrichė;UlrichasUlrichė@mail.lt;P00896
Ulrichė;Ulrika;UlrichėUlrika@mail.lt;P00897
Ulrika;Ulrikas;UlrikaUlrikas@mail.lt;P00898
Ulrikas;Ulrikė;UlrikasUlrikė@mail.lt;P00899
Ulrikė;Una;UlrikėUna@mail.lt;P00900
Una;Undinė;UnaUndinė@mail.lt;P00901
Undinė;Unė;UndinėUnė@mail.lt;P00902
Unė;Uosis;UnėUosis@mail.lt;P00903
Uosis;Urbonas;UosisUrbonas@mail.lt;P00904
Urbonas;Ursas;UrbonasUrsas@mail.lt;P00905
Ursas;Ursinas;UrsasUrsinas@mail.lt;P00906
Ursinas;Uršulė;UrsinasUršulė@mail.lt;P00907
Uršulė;Ursynas;UršulėUrsynas@mail.lt;P00908
Ursynas;Urta;UrsynasUrta@mail.lt;P00909
Urta;Urtė;UrtaUrtė@mail.lt;P00910
Urtė;Vacė;UrtėVacė@mail.lt;P00911
Vacė;Vaclava;VacėVaclava@mail.lt;P00912
Vaclava;Vaclavas;VaclavaVaclavas@mail.lt;P00913
Vaclavas;Vaclova;VaclavasVaclova@mail.lt;P00914
Vaclova;Vaclovas;VaclovaVaclovas@mail.lt;P00915
Vaclovas;Vacys;VaclovasVacys@mail.lt;P00916
Vacys;Vadimas;VacysVadimas@mail.lt;P00917
Vadimas;Vaida;VadimasVaida@mail.lt;P00918
Vaida;Vaidas;VaidaVaidas@mail.lt;P00919
Vaidas;Vaidevutis;VaidasVaidevutis@mail.lt;P00920
Vaidevutis;Vaidgina;VaidevutisVaidgina@mail.lt;P00921
Vaidgina;Vaidginas;VaidginaVaidginas@mail.lt;P00922
Vaidginas;Vaidginta;VaidginasVaidginta@mail.lt;P00923
Vaidginta;Vaidgintas;VaidgintaVaidgintas@mail.lt;P00924
Vaidgintas;Vaidgintė;VaidgintasVaidgintė@mail.lt;P00925
Vaidgintė;Vaidilas;VaidgintėVaidilas@mail.lt;P00926
Vaidilas;Vaidilė;VaidilasVaidilė@mail.lt;P00927
Vaidilė;Vaidilutė;VaidilėVaidilutė@mail.lt;P00928
Vaidilutė;Vaidivutis;VaidilutėVaidivutis@mail.lt;P00929
Vaidivutis;Vaidmantas;VaidivutisVaidmantas@mail.lt;P00930
Vaidmantas;Vaidmantė;VaidmantasVaidmantė@mail.lt;P00931
Vaidmantė;Vaidmina;VaidmantėVaidmina@mail.lt;P00932
Vaidmina;Vaidminas;VaidminaVaidminas@mail.lt;P00933
Vaidminas;Vaidonė;VaidminasVaidonė@mail.lt;P00934
Vaidonė;Vaidota;VaidonėVaidota@mail.lt;P00935
Vaidota;Vaidotas;VaidotaVaidotas@mail.lt;P00936
Vaidotas;Vaidotė;VaidotasVaidotė@mail.lt;P00937
Vaidotė;Vaidutė;VaidotėVaidutė@mail.lt;P00938
Vaidutė;Vaidutis;VaidutėVaidutis@mail.lt;P00939
Vaidutis;Vaidvilas;VaidutisVaidvilas@mail.lt;P00940
Vaidvilas;Vaidvilė;VaidvilasVaidvilė@mail.lt;P00941
Vaidvilė;Vaidys;VaidvilėVaidys@mail.lt;P00942
Vaidys;Vaiga;VaidysVaiga@mail.lt;P00943
Vaiga;Vaigailas;VaigaVaigailas@mail.lt;P00944
Vaigailas;Vaigailė;VaigailasVaigailė@mail.lt;P00945
Vaigailė;Vaigaudas;VaigailėVaigaudas@mail.lt;P00946
Vaigaudas;Vaigaudė;VaigaudasVaigaudė@mail.lt;P00947
Vaigaudė;Vaigė;VaigaudėVaigė@mail.lt;P00948
Vaigė;Vaigeda;VaigėVaigeda@mail.lt;P00949
Vaigeda;Vaigedas;VaigedaVaigedas@mail.lt;P00950
Vaigedas;Vaigedė;VaigedasVaigedė@mail.lt;P00951
Vaigedė;Vaigintas;VaigedėVaigintas@mail.lt;P00952
Vaigintas;Vaigintė;VaigintasVaigintė@mail.lt;P00953
Vaigintė;Vaina;VaigintėVaina@mail.lt;P00954
Vaina;Vaineta;VainaVaineta@mail.lt;P00955
Vaineta;Vainetas;VainetaVainetas@mail.lt;P00956
Vainetas;Vaingeda;VainetasVaingeda@mail.lt;P00957
Vaingeda;Vaingedas;VaingedaVaingedas@mail.lt;P00958
Vaingedas;Vaingedė;VaingedasVaingedė@mail.lt;P00959
Vaingedė;Vainius;VaingedėVainius@mail.lt;P00960
Vainius;Zacharijas;VainiusZacharijas@mail.lt;P00961
Zacharijas;Zacharijus;ZacharijasZacharijus@mail.lt;P00962
Zacharijus;Zariana;ZacharijusZariana@mail.lt;P00963
Zariana;Zarina;ZarianaZarina@mail.lt;P00964
Zarina;Zbignevas;ZarinaZbignevas@mail.lt;P00965
Zbignevas;Zebediejus;ZbignevasZebediejus@mail.lt;P00966
Zebediejus;Zedas;ZebediejusZedas@mail.lt;P00967
Zedas;Zedekijus;ZedasZedekijus@mail.lt;P00968
Zedekijus;Zefirina;ZedekijusZefirina@mail.lt;P00969
Zefirina;Zefirinas;ZefirinaZefirinas@mail.lt;P00970
Zefirinas;Zefrina;ZefirinasZefrina@mail.lt;P00971
Zefrina;Zefrinas;ZefrinaZefrinas@mail.lt;P00972
Zefrinas;Zefyrina;ZefrinasZefyrina@mail.lt;P00973
Zefyrina;Zefyrinas;ZefyrinaZefyrinas@mail.lt;P00974
Zefyrinas;Zenė;ZefyrinasZenė@mail.lt;P00975
Zenė;Zenina;ZenėZenina@mail.lt;P00976
Zenina;Zenius;ZeninaZenius@mail.lt;P00977
Zenius;Zenobija;ZeniusZenobija@mail.lt;P00978
Zenobija;Zenona;ZenobijaZenona@mail.lt;P00979
Zenona;Zenonas;ZenonaZenonas@mail.lt;P00980
Zenonas;Zenuna;ZenonasZenuna@mail.lt;P00981
Zenuna;Zigfrida;ZenunaZigfrida@mail.lt;P00982
Zigfrida;Zigfridas;ZigfridaZigfridas@mail.lt;P00983
Zigfridas;Zigmantas;ZigfridasZigmantas@mail.lt;P00984
Zigmantas;Zigmas;ZigmantasZigmas@mail.lt;P00985
Zigmas;Zigmunda;ZigmasZigmunda@mail.lt;P00986
Zigmunda;Zigmundas;ZigmundaZigmundas@mail.lt;P00987
Zigmundas;Zilbertas;ZigmundasZilbertas@mail.lt;P00988
Zilbertas;Zina;ZilbertasZina@mail.lt;P00989
Zina;Zinaida;ZinaZinaida@mail.lt;P00990
Zinaida;Zinas;ZinaidaZinas@mail.lt;P00991
Zinas;Zita;ZinasZita@mail.lt;P00992
Zita;Zofija;ZitaZofija@mail.lt;P00993
Zofija;Zoja;ZofijaZoja@mail.lt;P00994
Zoja;Zoriana;ZojaZoriana@mail.lt;P00995
Zoriana;Zorianas;ZorianaZorianas@mail.lt;P00996
Zorianas;Zosė;ZorianasZosė@mail.lt;P00997
Zosė;Zuzana;ZosėZuzana@mail.lt;P00998
Zuzana;Zygfrida;ZuzanaZygfrida@mail.lt;P00999
Zygfrida;Zygfridas;ZygfridaZygfridas@mail.lt;P01000
Zygfridas;Žadgailas;ZygfridasŽadgailas@mail.lt;P01001
Žadgailas;Žadgailė;ŽadgailasŽadgailė@mail.lt;P01002
Žadgailė;Žadmantas;ŽadgailėŽadmantas@mail.lt;P01003
Žadmantas;Žadmantė;ŽadmantasŽadmantė@mail.lt;P01004
Žadmantė;Žadvainas;ŽadmantėŽadvainas@mail.lt;P01005
Žadvainas;Žadvainė;ŽadvainasŽadvainė@mail.lt;P01006
Žadvainė;Žadvydas;ŽadvainėŽadvydas@mail.lt;P01007
Žadvydas;Žadvydė;ŽadvydasŽadvydė@mail.lt;P01008
Žadvydė;Žakas;ŽadvydėŽakas@mail.lt;P01009
Žakas;Žaklina;ŽakasŽaklina@mail.lt;P01010
Žaklina;Žana;ŽaklinaŽana@mail.lt;P01011
Žana;Žanas;ŽanaŽanas@mail.lt;P01012
Žanas;Žaneta;ŽanasŽaneta@mail.lt;P01013
Žaneta;Žavinta;ŽanetaŽavinta@mail.lt;P01014
Žavinta;Žeimantas;ŽavintaŽeimantas@mail.lt;P01015
Žeimantas;Žeimantė;ŽeimantasŽeimantė@mail.lt;P01016
Žeimantė;Žemyna;ŽeimantėŽemyna@mail.lt;P01017
Žemyna;Ženevjeva;ŽemynaŽenevjeva@mail.lt;P01018
Ženevjeva;Žeraldas;ŽenevjevaŽeraldas@mail.lt;P01019
Žeraldas;Žermena;ŽeraldasŽermena@mail.lt;P01020
Žermena;Žėrutė;ŽermenaŽėrutė@mail.lt;P01021
Žėrutė;Žėrutis;ŽėrutėŽėrutis@mail.lt;P01022
Žėrutis;Žibuoklė;ŽėrutisŽibuoklė@mail.lt;P01023
Žibuoklė;Žibutė;ŽibuoklėŽibutė@mail.lt;P01024
Žibutė;Žiedė;ŽibutėŽiedė@mail.lt;P01025
Žiedė;Žilvija;ŽiedėŽilvija@mail.lt;P01026
Žilvija;Žilvijus;ŽilvijaŽilvijus@mail.lt;P01027
Žilvijus;Žilvinas;ŽilvijusŽilvinas@mail.lt;P01028
Žilvinas;Žintautas;ŽilvinasŽintautas@mail.lt;P01029
Žintautas;Žintautė;ŽintautasŽintautė@mail.lt;P01030
Žintautė;Živilė;ŽintautėŽivilė@mail.lt;P01031
Živilė;Živilis;ŽivilėŽivilis@mail.lt;P01032
Živilis;Žvainibudas;ŽivilisŽvainibudas@mail.lt;P01033
Žvainibudas;Žvainys;ŽvainibudasŽvainys@mail.lt;P01034
Žvainys;Žybartas;ŽvainysŽybartas@mail.lt;P01035
Žybartas;Žybartė;ŽybartasŽybartė@mail.lt;P01036
Žybartė;Žydrė;ŽybartėŽydrė@mail.lt;P01037
Žydrė;Žydrius;ŽydrėŽydrius@mail.lt;P01038
Žydrius;Žydrūnas;ŽydriusŽydrūnas@mail.lt;P01039
Žydrūnas;Žydrūnė;ŽydrūnasŽydrūnė@mail.lt;P01040
Žydrūnė;Žydrutė;ŽydrūnėŽydrutė@mail.lt;P01041
Žydrutė;Žydrutis;ŽydrutėŽydrutis@mail.lt;P01042
Žydrutis;Žygaudas;ŽydrutisŽygaudas@mail.lt;P01043
Žygaudas;Žygaudė;ŽygaudasŽygaudė@mail.lt;P01044
Žygaudė;Žygimantas;ŽygaudėŽygimantas@mail.lt;P01045
Žygimantas;Žygimantė;ŽygimantasŽygimantė@mail.lt;P01046
Žygimantė;Žyginta;ŽygimantėŽyginta@mail.lt;P01047
Žyginta;Žygintas;ŽygintaŽygintas@mail.lt;P01048
Žygintas;Žygintė;ŽygintasŽygintė@mail.lt;P01049
Žygintė;Žygis;ŽygintėŽygis@mail.lt;P01050
Žygis;Abdonas;ŽygisAbdonas@mail.lt;P01051
Abdonas;Abigailė;AbdonasAbigailė@mail.lt;P01052
Abigailė;Abrahimas;AbigailėAbrahimas@mail.lt;P01053
Abrahimas;Abraomas;AbrahimasAbraomas@mail.lt;P01054
Abraomas;Achilas;AbraomasAchilas@mail.lt;P01055
Achilas;Ada;AchilasAda@mail.lt;P01056
Ada;Adaira;AdaAdaira@mail.lt;P01057
Adaira;Adalberta;AdairaAdalberta@mail.lt;P01058
Adalberta;Adalbertas;AdalbertaAdalbertas@mail.lt;P01059
Adalbertas;Adas;AdalbertasAdas@mail.lt;P01060
Adas;Adauktas;AdasAdauktas@mail.lt;P01061
Adauktas;Adelaidė;AdauktasAdelaidė@mail.lt;P01062
Adelaidė;Adelė;AdelaidėAdelė@mail.lt;P01063
Adelė;Adelija;AdelėAdelija@mail.lt;P01064
Adelija;Adelina;AdelijaAdelina@mail.lt;P01065
Adelina;Adelita;AdelinaAdelita@mail.lt;P01066
Adelita;Adeodatas;AdelitaAdeodatas@mail.lt;P01067
Adeodatas;Adolfa;AdeodatasAdolfa@mail.lt;P01068
Adolfa;Adolfas;AdolfaAdolfas@mail.lt;P01069
Adolfas;Adolfina;AdolfasAdolfina@mail.lt;P01070
Adolfina;Adolis;AdolfinaAdolis@mail.lt;P01071
Adolis;Adomas;AdolisAdomas@mail.lt;P01072
Adomas;Adonis;AdomasAdonis@mail.lt;P01073
Adonis;Adriana;AdonisAdriana@mail.lt;P01074
Adriana;Adrianas;AdrianaAdrianas@mail.lt;P01075
Adrianas;Adrija;AdrianasAdrija@mail.lt;P01076
Adrija;Adrijana;AdrijaAdrijana@mail.lt;P01077
Adrijana;Adrijanas;AdrijanaAdrijanas@mail.lt;P01078
Adrijanas;Adrijona;AdrijanasAdrijona@mail.lt;P01079
Adrijona;Adrijonas;AdrijonaAdrijonas@mail.lt;P01080
Adrijonas;Adrijus;AdrijonasAdrijus@mail.lt;P01081
Adrijus;Aelita;AdrijusAelita@mail.lt;P01082
Aelita;Afra;AelitaAfra@mail.lt;P01083
Afra;Afroditė;AfraAfroditė@mail.lt;P01084
Afroditė;Agapitas;AfroditėAgapitas@mail.lt;P01085
Agapitas;Agata;AgapitasAgata@mail.lt;P01086
Agata;Agatas;AgataAgatas@mail.lt;P01087
Agatas;Agatonas;AgatasAgatonas@mail.lt;P01088
Agatonas;Ageda;AgatonasAgeda@mail.lt;P01089
Ageda;Agedas;AgedaAgedas@mail.lt;P01090
Agedas;Agėjus;AgedasAgėjus@mail.lt;P01091
Agėjus;Agilas;AgėjusAgilas@mail.lt;P01092
Agilas;Agilė;AgilasAgilė@mail.lt;P01093
Agilė;Agna;AgilėAgna@mail.lt;P01094
Agna;Agnė;AgnaAgnė@mail.lt;P01095
Agnė;Agnesa;AgnėAgnesa@mail.lt;P01096
Agnesa;Agnesė;AgnesaAgnesė@mail.lt;P01097
Agnesė;Agnetė;AgnesėAgnetė@mail.lt;P01098
Agnetė;Agnietė;AgnetėAgnietė@mail.lt;P01099
Agnietė;Agnija;AgnietėAgnija@mail.lt;P01100
Agnija;Baironas;AgnijaBaironas@mail.lt;P01101
Baironas;Baltazaras;BaironasBaltazaras@mail.lt;P01102
Baltazaras;Baltenė;BaltazarasBaltenė@mail.lt;P01103
Baltenė;Baltenis;BaltenėBaltenis@mail.lt;P01104
Baltenis;Baltramiejus;BaltenisBaltramiejus@mail.lt;P01105
Baltramiejus;Baltras;BaltramiejusBaltras@mail.lt;P01106
Baltras;Baltrus;BaltrasBaltrus@mail.lt;P01107
Baltrus;Baltys;BaltrusBaltys@mail.lt;P01108
Baltys;Balys;BaltysBalys@mail.lt;P01109
Balys;Banga;BalysBanga@mail.lt;P01110
Banga;Bangas;BangaBangas@mail.lt;P01111
Bangas;Bangius;BangasBangius@mail.lt;P01112
Bangius;Banguolė;BangiusBanguolė@mail.lt;P01113
Banguolė;Banguolis;BanguolėBanguolis@mail.lt;P01114
Banguolis;Bangys;BanguolisBangys@mail.lt;P01115
Bangys;Baniutė;BangysBaniutė@mail.lt;P01116
Baniutė;Barbara;BaniutėBarbara@mail.lt;P01117
Barbara;Barbė;BarbaraBarbė@mail.lt;P01118
Barbė;Barbora;BarbėBarbora@mail.lt;P01119
Barbora;Bargailas;BarboraBargailas@mail.lt;P01120
Bargailas;Bargailė;BargailasBargailė@mail.lt;P01121
Bargailė;Barintas;BargailėBarintas@mail.lt;P01122
Barintas;Barintė;BarintasBarintė@mail.lt;P01123
Barintė;Baris;BarintėBaris@mail.lt;P01124
Baris;Barkinta;BarisBarkinta@mail.lt;P01125
Barkinta;Barkintas;BarkintaBarkintas@mail.lt;P01126
Barkintas;Barkintė;BarkintasBarkintė@mail.lt;P01127
Barkintė;Barmantas;BarkintėBarmantas@mail.lt;P01128
Barmantas;Barmantė;BarmantasBarmantė@mail.lt;P01129
Barmantė;Barnabas;BarmantėBarnabas@mail.lt;P01130
Barnabas;Bartas;BarnabasBartas@mail.lt;P01131
Bartas;Bartautas;BartasBartautas@mail.lt;P01132
Bartautas;Bartautė;BartautasBartautė@mail.lt;P01133
Bartautė;Bartė;BartautėBartė@mail.lt;P01134
Bartė;Bartenė;BartėBartenė@mail.lt;P01135
Bartenė;Bartenis;BartenėBartenis@mail.lt;P01136
Bartenis;Bartimina;BartenisBartimina@mail.lt;P01137
Bartimina;Bartiminas;BartiminaBartiminas@mail.lt;P01138
Bartiminas;Bartolomėja;BartiminasBartolomėja@mail.lt;P01139
Bartolomėja;Bartolomėjas;BartolomėjaBartolomėjas@mail.lt;P01140
Bartolomėjas;Barvainas;BartolomėjasBarvainas@mail.lt;P01141
Barvainas;Barvainė;BarvainasBarvainė@mail.lt;P01142
Barvainė;Barvyda;BarvainėBarvyda@mail.lt;P01143
Barvyda;Barvydas;BarvydaBarvydas@mail.lt;P01144
Barvydas;Barvydė;BarvydasBarvydė@mail.lt;P01145
Barvydė;Bazilė;BarvydėBazilė@mail.lt;P01146
Bazilė;Bazilijus;BazilėBazilijus@mail.lt;P01147
Bazilijus;Beata;BazilijusBeata@mail.lt;P01148
Beata;Beatas;BeataBeatas@mail.lt;P01149
Beatas;Beatričė;BeatasBeatričė@mail.lt;P01150
Beatričė;Dafnė;BeatričėDafnė@mail.lt;P01151
Dafnė;Dagmara;DafnėDagmara@mail.lt;P01152
Dagmara;Dagnė;DagmaraDagnė@mail.lt;P01153
Dagnė;Dagnis;DagnėDagnis@mail.lt;P01154
Dagnis;Dagnius;DagnisDagnius@mail.lt;P01155
Dagnius;Dailius;DagniusDailius@mail.lt;P01156
Dailius;Daima;DailiusDaima@mail.lt;P01157
Daima;Daina;DaimaDaina@mail.lt;P01158
Daina;Dainė;DainaDainė@mail.lt;P01159
Dainė;Dainius;DainėDainius@mail.lt;P01160
Dainius;Dainora;DainiusDainora@mail.lt;P01161
Dainora;Dainoras;DainoraDainoras@mail.lt;P01162
Dainoras;Dainota;DainorasDainota@mail.lt;P01163
Dainota;Dainotas;DainotaDainotas@mail.lt;P01164
Dainotas;Dainys;DainotasDainys@mail.lt;P01165
Dainys;Daira;DainysDaira@mail.lt;P01166
Daira;Daiva;DairaDaiva@mail.lt;P01167
Daiva;Daivis;DaivaDaivis@mail.lt;P01168
Daivis;Dalia;DaivisDalia@mail.lt;P01169
Dalia;Dalija;DaliaDalija@mail.lt;P01170
Dalija;Dalila;DalijaDalila@mail.lt;P01171
Dalila;Dalilė;DalilaDalilė@mail.lt;P01172
Dalilė;Dalius;DalilėDalius@mail.lt;P01173
Dalius;Dalytė;DaliusDalytė@mail.lt;P01174
Dalytė;Damazas;DalytėDamazas@mail.lt;P01175
Damazas;Damijonas;DamazasDamijonas@mail.lt;P01176
Damijonas;Damyra;DamijonasDamyra@mail.lt;P01177
Damyra;Damyras;DamyraDamyras@mail.lt;P01178
Damyras;Dana;DamyrasDana@mail.lt;P01179
Dana;Danas;DanaDanas@mail.lt;P01180
Danas;Dangė;DanasDangė@mail.lt;P01181
Dangė;Dangira;DangėDangira@mail.lt;P01182
Dangira;Dangiras;DangiraDangiras@mail.lt;P01183
Dangiras;Dangirda;DangirasDangirda@mail.lt;P01184
Dangirda;Dangirdas;DangirdaDangirdas@mail.lt;P01185
Dangirdas;Dangirutė;DangirdasDangirutė@mail.lt;P01186
Dangirutė;Dangirutis;DangirutėDangirutis@mail.lt;P01187
Dangirutis;Dangis;DangirutisDangis@mail.lt;P01188
Dangis;Dangius;DangisDangius@mail.lt;P01189
Dangius;Danguolė;DangiusDanguolė@mail.lt;P01190
Danguolė;Danguolis;DanguolėDanguolis@mail.lt;P01191
Danguolis;Dangyra;DanguolisDangyra@mail.lt;P01192
Dangyra;Dangyras;DangyraDangyras@mail.lt;P01193
Dangyras;Dangys;DangyrasDangys@mail.lt;P01194
Dangys;Danielė;DangysDanielė@mail.lt;P01195
Danielė;Danielis;DanielėDanielis@mail.lt;P01196
Danielis;Danielius;DanielisDanielius@mail.lt;P01197
Danielius;Danilas;DanieliusDanilas@mail.lt;P01198
Danilas;Danilė;DanilasDanilė@mail.lt;P01199
Danilė;Danis;DanilėDanis@mail.lt;P01200
Danis;Edena;DanisEdena@mail.lt;P01201
Edena;Edgaras;EdenaEdgaras@mail.lt;P01202
Edgaras;Edilija;EdgarasEdilija@mail.lt;P01203
Edilija;Edita;EdilijaEdita@mail.lt;P01204
Edita;Edma;EditaEdma@mail.lt;P01205
Edma;Edmondas;EdmaEdmondas@mail.lt;P01206
Edmondas;Edmondė;EdmondasEdmondė@mail.lt;P01207
Edmondė;Edmundas;EdmondėEdmundas@mail.lt;P01208
Edmundas;Edmundė;EdmundasEdmundė@mail.lt;P01209
Edmundė;Edmutis;EdmundėEdmutis@mail.lt;P01210
Edmutis;Eduardas;EdmutisEduardas@mail.lt;P01211
Eduardas;Eduardė;EduardasEduardė@mail.lt;P01212
Eduardė;Edvardas;EduardėEdvardas@mail.lt;P01213
Edvardas;Edvardė;EdvardasEdvardė@mail.lt;P01214
Edvardė;Edvina;EdvardėEdvina@mail.lt;P01215
Edvina;Edvinas;EdvinaEdvinas@mail.lt;P01216
Edvinas;Efrema;EdvinasEfrema@mail.lt;P01217
Efrema;Efremas;EfremaEfremas@mail.lt;P01218
Efremas;Egbertas;EfremasEgbertas@mail.lt;P01219
Egbertas;Egidas;EgbertasEgidas@mail.lt;P01220
Egidas;Egidė;EgidasEgidė@mail.lt;P01221
Egidė;Egidija;EgidėEgidija@mail.lt;P01222
Egidija;Egidijus;EgidijaEgidijus@mail.lt;P01223
Egidijus;Egilas;EgidijusEgilas@mail.lt;P01224
Egilas;Egilis;EgilasEgilis@mail.lt;P01225
Egilis;Egis;EgilisEgis@mail.lt;P01226
Egis;Eglė;EgisEglė@mail.lt;P01227
Eglė;Egmontas;EglėEgmontas@mail.lt;P01228
Egmontas;Eibartas;EgmontasEibartas@mail.lt;P01229
Eibartas;Eibartė;EibartasEibartė@mail.lt;P01230
Eibartė;Eidimtas;EibartėEidimtas@mail.lt;P01231
Eidimtas;Eidimtė;EidimtasEidimtė@mail.lt;P01232
Eidimtė;Eidmantas;EidimtėEidmantas@mail.lt;P01233
Eidmantas;Eidmantė;EidmantasEidmantė@mail.lt;P01234
Eidmantė;Eidminas;EidmantėEidminas@mail.lt;P01235
Eidminas;Eidmintas;EidminasEidmintas@mail.lt;P01236
Eidmintas;Eidvilas;EidmintasEidvilas@mail.lt;P01237
Eidvilas;Eidvilė;EidvilasEidvilė@mail.lt;P01238
Eidvilė;Eigilas;EidvilėEigilas@mail.lt;P01239
Eigilas;Eigilė;EigilasEigilė@mail.lt;P01240
Eigilė;Eiginta;EigilėEiginta@mail.lt;P01241
Eiginta;Eigintas;EigintaEigintas@mail.lt;P01242
Eigintas;Eigintė;EigintasEigintė@mail.lt;P01243
Eigintė;Eigirdas;EigintėEigirdas@mail.lt;P01244
Eigirdas;Eigirdė;EigirdasEigirdė@mail.lt;P01245
Eigirdė;Eigmina;EigirdėEigmina@mail.lt;P01246
Eigmina;Eigminas;EigminaEigminas@mail.lt;P01247
Eigminas;Eilverija;EigminasEilverija@mail.lt;P01248
Eilverija;Eilverijus;EilverijaEilverijus@mail.lt;P01249
Eilverijus;Eimantas;EilverijusEimantas@mail.lt;P01250
Eimantas;Fabija;EimantasFabija@mail.lt;P01251
Fabija;Fabijolė;FabijaFabijolė@mail.lt;P01252
Fabijolė;Fabijonas;FabijolėFabijonas@mail.lt;P01253
Fabijonas;Fabijus;FabijonasFabijus@mail.lt;P01254
Fabijus;Fabio;FabijusFabio@mail.lt;P01255
Fabio;Fajeta;FabioFajeta@mail.lt;P01256
Fajeta;Fajetas;FajetaFajetas@mail.lt;P01257
Fajetas;Fajetona;FajetasFajetona@mail.lt;P01258
Fajetona;Fajetonas;FajetonaFajetonas@mail.lt;P01259
Fajetonas;Fatima;FajetonasFatima@mail.lt;P01260
Fatima;Fausta;FatimaFausta@mail.lt;P01261
Fausta;Faustas;FaustaFaustas@mail.lt;P01262
Faustas;Faustė;FaustasFaustė@mail.lt;P01263
Faustė;Faustina;FaustėFaustina@mail.lt;P01264
Faustina;Faustinas;FaustinaFaustinas@mail.lt;P01265
Faustinas;Felicija;FaustinasFelicija@mail.lt;P01266
Felicija;Felicijonas;FelicijaFelicijonas@mail.lt;P01267
Felicijonas;Felicijus;FelicijonasFelicijus@mail.lt;P01268
Felicijus;Felicisimas;FelicijusFelicisimas@mail.lt;P01269
Felicisimas;Felicita;FelicisimasFelicita@mail.lt;P01270
Felicita;Feliksas;FelicitaFeliksas@mail.lt;P01271
Feliksas;Felisitė;FeliksasFelisitė@mail.lt;P01272
Felisitė;Ferdinandas;FelisitėFerdinandas@mail.lt;P01273
Ferdinandas;Feridas;FerdinandasFeridas@mail.lt;P01274
Feridas;Feridė;FeridasFeridė@mail.lt;P01275
Feridė;Fernanda;FeridėFernanda@mail.lt;P01276
Fernanda;Fernandas;FernandaFernandas@mail.lt;P01277
Fernandas;Fida;FernandasFida@mail.lt;P01278
Fida;Fidė;FidaFidė@mail.lt;P01279
Fidė;Fidelija;FidėFidelija@mail.lt;P01280
Fidelija;Fidelis;FidelijaFidelis@mail.lt;P01281
Fidelis;Fidentas;FidelisFidentas@mail.lt;P01282
Fidentas;Fijona;FidentasFijona@mail.lt;P01283
Fijona;Filadelfija;FijonaFiladelfija@mail.lt;P01284
Filadelfija;Filadelfijus;FiladelfijaFiladelfijus@mail.lt;P01285
Filadelfijus;Filemona;FiladelfijusFilemona@mail.lt;P01286
Filemona;Filemonas;FilemonaFilemonas@mail.lt;P01287
Filemonas;Filomela;FilemonasFilomela@mail.lt;P01288
Filomela;Filomena;FilomelaFilomena@mail.lt;P01289
Filomena;Filomenas;FilomenaFilomenas@mail.lt;P01290
Filomenas;Fiodoras;FilomenasFiodoras@mail.lt;P01291
Fiodoras;Fiona;FiodorasFiona@mail.lt;P01292
Fiona;Fionė;FionaFionė@mail.lt;P01293
Fionė;Firmas;FionėFirmas@mail.lt;P01294
Firmas;Firmina;FirmasFirmina@mail.lt;P01295
Firmina;Firminas;FirminaFirminas@mail.lt;P01296
Firminas;Fiulgensas;FirminasFiulgensas@mail.lt;P01297
Fiulgensas;Flandrija;FiulgensasFlandrija@mail.lt;P01298
Flandrija;Flandrijus;FlandrijaFlandrijus@mail.lt;P01299
Flandrijus;Flavija;FlandrijusFlavija@mail.lt;P01300
Flavija;Gabija;FlavijaGabija@mail.lt;P01301
Gabija;Gabijus;GabijaGabijus@mail.lt;P01302
Gabijus;Gabrė;GabijusGabrė@mail.lt;P01303
Gabrė;Gabrielė;GabrėGabrielė@mail.lt;P01304
Gabrielė;Gabrielis;GabrielėGabrielis@mail.lt;P01305
Gabrielis;Gabrielius;GabrielisGabrielius@mail.lt;P01306
Gabrielius;Gabrius;GabrieliusGabrius@mail.lt;P01307
Gabrius;Gabrys;GabriusGabrys@mail.lt;P01308
Gabrys;Gaida;GabrysGaida@mail.lt;P01309
Gaida;Gaila;GaidaGaila@mail.lt;P01310
Gaila;Gailė;GailaGailė@mail.lt;P01311
Gailė;Gailenė;GailėGailenė@mail.lt;P01312
Gailenė;Gailenis;GailenėGailenis@mail.lt;P01313
Gailenis;Gailigedas;GailenisGailigedas@mail.lt;P01314
Gailigedas;Gailigedė;GailigedasGailigedė@mail.lt;P01315
Gailigedė;Gailintas;GailigedėGailintas@mail.lt;P01316
Gailintas;Gailintė;GailintasGailintė@mail.lt;P01317
Gailintė;Gailius;GailintėGailius@mail.lt;P01318
Gailius;Gailutė;GailiusGailutė@mail.lt;P01319
Gailutė;Gailutis;GailutėGailutis@mail.lt;P01320
Gailutis;Gaisva;GailutisGaisva@mail.lt;P01321
Gaisva;Gaiva;GaisvaGaiva@mail.lt;P01322
Gaiva;Gaivilas;GaivaGaivilas@mail.lt;P01323
Gaivilas;Gaivilė;GaivilasGaivilė@mail.lt;P01324
Gaivilė;Gaja;GaivilėGaja@mail.lt;P01325
Gaja;Gajus;GajaGajus@mail.lt;P01326
Gajus;Galė;GajusGalė@mail.lt;P01327
Galė;Galginta;GalėGalginta@mail.lt;P01328
Galginta;Galgintas;GalgintaGalgintas@mail.lt;P01329
Galgintas;Galgintė;GalgintasGalgintė@mail.lt;P01330
Galgintė;Galia;GalgintėGalia@mail.lt;P01331
Galia;Galiganta;GaliaGaliganta@mail.lt;P01332
Galiganta;Galigantas;GaligantaGaligantas@mail.lt;P01333
Galigantas;Galigina;GaligantasGaligina@mail.lt;P01334
Galigina;Galiginas;GaliginaGaliginas@mail.lt;P01335
Galiginas;Galiginė;GaliginasGaliginė@mail.lt;P01336
Galiginė;Galiginta;GaliginėGaliginta@mail.lt;P01337
Galiginta;Galigintas;GaligintaGaligintas@mail.lt;P01338
Galigintas;Galiminta;GaligintasGaliminta@mail.lt;P01339
Galiminta;Galimintas;GalimintaGalimintas@mail.lt;P01340
Galimintas;Galimintė;GalimintasGalimintė@mail.lt;P01341
Galimintė;Galina;GalimintėGalina@mail.lt;P01342
Galina;Galindas;GalinaGalindas@mail.lt;P01343
Galindas;Galindė;GalindasGalindė@mail.lt;P01344
Galindė;Galintas;GalindėGalintas@mail.lt;P01345
Galintas;Galintė;GalintasGalintė@mail.lt;P01346
Galintė;Galius;GalintėGalius@mail.lt;P01347
Galius;Galmantas;GaliusGalmantas@mail.lt;P01348
Galmantas;Galmantė;GalmantasGalmantė@mail.lt;P01349
Galmantė;Galmina;GalmantėGalmina@mail.lt;P01350
Galmina;Haidė;GalminaHaidė@mail.lt;P01351
Haidė;Hamletas;HaidėHamletas@mail.lt;P01352
Hamletas;Hana;HamletasHana@mail.lt;P01353
Hana;Hansas;HanaHansas@mail.lt;P01354
Hansas;Harada;HansasHarada@mail.lt;P01355
Harada;Haris;HaradaHaris@mail.lt;P01356
Haris;Haroldas;HarisHaroldas@mail.lt;P01357
Haroldas;Harpija;HaroldasHarpija@mail.lt;P01358
Harpija;Hektoras;HarpijaHektoras@mail.lt;P01359
Hektoras;Helbertas;HektorasHelbertas@mail.lt;P01360
Helbertas;Helė;HelbertasHelė@mail.lt;P01361
Helė;Helena;HelėHelena@mail.lt;P01362
Helena;Helga;HelenaHelga@mail.lt;P01363
Helga;Helianta;HelgaHelianta@mail.lt;P01364
Helianta;Heliodoras;HeliantaHeliodoras@mail.lt;P01365
Heliodoras;Helmutas;HeliodorasHelmutas@mail.lt;P01366
Helmutas;Henrieta;HelmutasHenrieta@mail.lt;P01367
Henrieta;Henrika;HenrietaHenrika@mail.lt;P01368
Henrika;Henrikas;HenrikaHenrikas@mail.lt;P01369
Henrikas;Henris;HenrikasHenris@mail.lt;P01370
Henris;Heraklis;HenrisHeraklis@mail.lt;P01371
Heraklis;Heraldas;HeraklisHeraldas@mail.lt;P01372
Heraldas;Herbertas;HeraldasHerbertas@mail.lt;P01373
Herbertas;Herkulis;HerbertasHerkulis@mail.lt;P01374
Herkulis;Herkus;HerkulisHerkus@mail.lt;P01375
Herkus;Hermanas;HerkusHermanas@mail.lt;P01376
Hermanas;Hermenas;HermanasHermenas@mail.lt;P01377
Hermenas;Hermina;HermenasHermina@mail.lt;P01378
Hermina;Hermiona;HerminaHermiona@mail.lt;P01379
Hermiona;Hermis;HermionaHermis@mail.lt;P01380
Hermis;Herodotas;HermisHerodotas@mail.lt;P01381
Herodotas;Hestera;HerodotasHestera@mail.lt;P01382
Hestera;Hiacinta;HesteraHiacinta@mail.lt;P01383
Hiacinta;Hiacintas;HiacintaHiacintas@mail.lt;P01384
Hiacintas;Hilaras;HiacintasHilaras@mail.lt;P01385
Hilaras;Hilarija;HilarasHilarija@mail.lt;P01386
Hilarija;Hilarijus;HilarijaHilarijus@mail.lt;P01387
Hilarijus;Hilda;HilarijusHilda@mail.lt;P01388
Hilda;Hildė;HildaHildė@mail.lt;P01389
Hildė;Hiliaras;HildėHiliaras@mail.lt;P01390
Hiliaras;Hiliarijonas;HiliarasHiliarijonas@mail.lt;P01391
Hiliarijonas;Hiliarijonė;HiliarijonasHiliarijonė@mail.lt;P01392
Hiliarijonė;Honorata;HiliarijonėHonorata@mail.lt;P01393
Honorata;Honoratas;HonorataHonoratas@mail.lt;P01394
Honoratas;Honorijus;HonoratasHonorijus@mail.lt;P01395
Honorijus;Horacijus;HonorijusHoracijus@mail.lt;P01396
Horacijus;Hortenzija;HoracijusHortenzija@mail.lt;P01397
Hortenzija;Hubertas;HortenzijaHubertas@mail.lt;P01398
Hubertas;Hugonas;HubertasHugonas@mail.lt;P01399
Hugonas;Ibrahimas;HugonasIbrahimas@mail.lt;P01400
Ibrahimas;Ichtiandras;IbrahimasIchtiandras@mail.lt;P01401
Ichtiandras;Ida;IchtiandrasIda@mail.lt;P01402
Ida;Idalija;IdaIdalija@mail.lt;P01403
Idalija;Idilija;IdalijaIdilija@mail.lt;P01404
Idilija;Idrakas;IdilijaIdrakas@mail.lt;P01405
Idrakas;Iduna;IdrakasIduna@mail.lt;P01406
Iduna;Ieva;IdunaIeva@mail.lt;P01407
Ieva;Iglesija;IevaIglesija@mail.lt;P01408
Iglesija;Iglesijus;IglesijaIglesijus@mail.lt;P01409
Iglesijus;Ignacas;IglesijusIgnacas@mail.lt;P01410
Ignacas;Ignacija;IgnacasIgnacija@mail.lt;P01411
Ignacija;Ignacijus;IgnacijaIgnacijus@mail.lt;P01412
Ignacijus;Ignas;IgnacijusIgnas@mail.lt;P01413
Ignas;Ignasas;IgnasIgnasas@mail.lt;P01414
Ignasas;Ignasė;IgnasasIgnasė@mail.lt;P01415
Ignasė;Ignasija;IgnasėIgnasija@mail.lt;P01416
Ignasija;Ignasijus;IgnasijaIgnasijus@mail.lt;P01417
Ignasijus;Ignė;IgnasijusIgnė@mail.lt;P01418
Ignė;Igneta;IgnėIgneta@mail.lt;P01419
Igneta;Ignius;IgnetaIgnius@mail.lt;P01420
Ignius;Ignotas;IgniusIgnotas@mail.lt;P01421
Ignotas;Igoris;IgnotasIgoris@mail.lt;P01422
Igoris;Ilja;IgorisIlja@mail.lt;P01423
Ilja;Ilma;IljaIlma@mail.lt;P01424
Ilma;Ilona;IlmaIlona@mail.lt;P01425
Ilona;Ilzė;IlonaIlzė@mail.lt;P01426
Ilzė;Ilzė;IlzėIlzė@mail.lt;P01427
Ilzė;Imodžena;IlzėImodžena@mail.lt;P01428
Imodžena;Imodženas;ImodženaImodženas@mail.lt;P01429
Imodženas;Ina;ImodženasIna@mail.lt;P01430
Ina;Indira;InaIndira@mail.lt;P01431
Indira;Indra;IndiraIndra@mail.lt;P01432
Indra;Indraja;IndraIndraja@mail.lt;P01433
Indraja;Indrajas;IndrajaIndrajas@mail.lt;P01434
Indrajas;Indrė;IndrajasIndrė@mail.lt;P01435
Indrė;Indrija;IndrėIndrija@mail.lt;P01436
Indrija;Indrijas;IndrijaIndrijas@mail.lt;P01437
Indrijas;Indronė;IndrijasIndronė@mail.lt;P01438
Indronė;Indronis;IndronėIndronis@mail.lt;P01439
Indronis;Inesa;IndronisInesa@mail.lt;P01440
Inesa;Inesė;InesaInesė@mail.lt;P01441
Inesė;Ineta;InesėIneta@mail.lt;P01442
Ineta;Ineza;InetaIneza@mail.lt;P01443
Ineza;Inga;InezaInga@mail.lt;P01444
Inga;Ingė;IngaIngė@mail.lt;P01445
Ingė;Ingeborga;IngėIngeborga@mail.lt;P01446
Ingeborga;Ingemaras;IngeborgaIngemaras@mail.lt;P01447
Ingemaras;Ingida;IngemarasIngida@mail.lt;P01448
Ingida;Ingmara;IngidaIngmara@mail.lt;P01449
Ingmara;Jacinta;IngmaraJacinta@mail.lt;P01450
Jacinta;Jacintas;JacintaJacintas@mail.lt;P01451
Jacintas;Jackus;JacintasJackus@mail.lt;P01452
Jackus;Jadvyga;JackusJadvyga@mail.lt;P01453
Jadvyga;Jadzė;JadvygaJadzė@mail.lt;P01454
Jadzė;Janė;JadzėJanė@mail.lt;P01455
Janė;Janina;JanėJanina@mail.lt;P01456
Janina;Janis;JaninaJanis@mail.lt;P01457
Janis;Jankas;JanisJankas@mail.lt;P01458
Jankas;Jankus;JankasJankus@mail.lt;P01459
Jankus;Januarija;JankusJanuarija@mail.lt;P01460
Januarija;Januarijus;JanuarijaJanuarijus@mail.lt;P01461
Januarijus;Jaromiras;JanuarijusJaromiras@mail.lt;P01462
Jaromiras;Jaronas;JaromirasJaronas@mail.lt;P01463
Jaronas;Jaroslava;JaronasJaroslava@mail.lt;P01464
Jaroslava;Jaroslavas;JaroslavaJaroslavas@mail.lt;P01465
Jaroslavas;Jarūnas;JaroslavasJarūnas@mail.lt;P01466
Jarūnas;Jarūnė;JarūnasJarūnė@mail.lt;P01467
Jarūnė;Jasmina;JarūnėJasmina@mail.lt;P01468
Jasmina;Jasminas;JasminaJasminas@mail.lt;P01469
Jasminas;Jasonas;JasminasJasonas@mail.lt;P01470
Jasonas;Jaunius;JasonasJaunius@mail.lt;P01471
Jaunius;Jaunutė;JauniusJaunutė@mail.lt;P01472
Jaunutė;Jaunutis;JaunutėJaunutis@mail.lt;P01473
Jaunutis;Jazmina;JaunutisJazmina@mail.lt;P01474
Jazmina;Jazminas;JazminaJazminas@mail.lt;P01475
Jazminas;Jekaterina;JazminasJekaterina@mail.lt;P01476
Jekaterina;Jelena;JekaterinaJelena@mail.lt;P01477
Jelena;Jerachmilas;JelenaJerachmilas@mail.lt;P01478
Jerachmilas;Jeremėjus;JerachmilasJeremėjus@mail.lt;P01479
Jeremėjus;Jeronima;JeremėjusJeronima@mail.lt;P01480
Jeronima;Jeronimas;JeronimaJeronimas@mail.lt;P01481
Jeronimas;Jevgenija;JeronimasJevgenija@mail.lt;P01482
Jevgenija;Jevgenijus;JevgenijaJevgenijus@mail.lt;P01483
Jevgenijus;Jėzus;JevgenijusJėzus@mail.lt;P01484
Jėzus;Joakimas;JėzusJoakimas@mail.lt;P01485
Joakimas;Joana;JoakimasJoana@mail.lt;P01486
Joana;Joanita;JoanaJoanita@mail.lt;P01487
Joanita;Jobas;JoanitaJobas@mail.lt;P01488
Jobas;Jodauga;JobasJodauga@mail.lt;P01489
Jodauga;Jodaugas;JodaugaJodaugas@mail.lt;P01490
Jodaugas;Jogaila;JodaugasJogaila@mail.lt;P01491
Jogaila;Jogailė;JogailaJogailė@mail.lt;P01492
Jogailė;Jogėlas;JogailėJogėlas@mail.lt;P01493
Jogėlas;Jogilė;JogėlasJogilė@mail.lt;P01494
Jogilė;Joginta;JogilėJoginta@mail.lt;P01495
Joginta;Jogintas;JogintaJogintas@mail.lt;P01496
Jogintas;Jogintė;JogintasJogintė@mail.lt;P01497
Jogintė;Jogirda;JogintėJogirda@mail.lt;P01498
Jogirda;Jogirdas;JogirdaJogirdas@mail.lt;P01499
Jogirdas;Kainas;JogirdasKainas@mail.lt;P01500
Kainas;Kaja;KainasKaja@mail.lt;P01501
Kaja;Kajetana;KajaKajetana@mail.lt;P01502
Kajetana;Kajetanas;KajetanaKajetanas@mail.lt;P01503
Kajetanas;Kajetona;KajetanasKajetona@mail.lt;P01504
Kajetona;Kajetonas;KajetonaKajetonas@mail.lt;P01505
Kajetonas;Kajus;KajetonasKajus@mail.lt;P01506
Kajus;Kalikstas;KajusKalikstas@mail.lt;P01507
Kalikstas;Kalikstė;KalikstasKalikstė@mail.lt;P01508
Kalikstė;Kalista;KalikstėKalista@mail.lt;P01509
Kalista;Kalistas;KalistaKalistas@mail.lt;P01510
Kalistas;Kamilas;KalistasKamilas@mail.lt;P01511
Kamilas;Kamilė;KamilasKamilė@mail.lt;P01512
Kamilė;Kamilija;KamilėKamilija@mail.lt;P01513
Kamilija;Kamilijana;KamilijaKamilijana@mail.lt;P01514
Kamilijana;Kamilijona;KamilijanaKamilijona@mail.lt;P01515
Kamilijona;Kamilijus;KamilijonaKamilijus@mail.lt;P01516
Kamilijus;Kamilis;KamilijusKamilis@mail.lt;P01517
Kamilis;Kandela;KamilisKandela@mail.lt;P01518
Kandela;Kandeliarija;KandelaKandeliarija@mail.lt;P01519
Kandeliarija;Kandeliarijus;KandeliarijaKandeliarijus@mail.lt;P01520
Kandeliarijus;Kandida;KandeliarijusKandida@mail.lt;P01521
Kandida;Kandidas;KandidaKandidas@mail.lt;P01522
Kandidas;Kantautas;KandidasKantautas@mail.lt;P01523
Kantautas;Kantautė;KantautasKantautė@mail.lt;P01524
Kantautė;Kantrimas;KantautėKantrimas@mail.lt;P01525
Kantrimas;Kantrimė;KantrimasKantrimė@mail.lt;P01526
Kantrimė;Kantvilas;KantrimėKantvilas@mail.lt;P01527
Kantvilas;Kantvilė;KantvilasKantvilė@mail.lt;P01528
Kantvilė;Kantvyda;KantvilėKantvyda@mail.lt;P01529
Kantvyda;Kantvydas;KantvydaKantvydas@mail.lt;P01530
Kantvydas;Kantvydė;KantvydasKantvydė@mail.lt;P01531
Kantvydė;Kanutas;KantvydėKanutas@mail.lt;P01532
Kanutas;Kargaudas;KanutasKargaudas@mail.lt;P01533
Kargaudas;Kaributas;KargaudasKaributas@mail.lt;P01534
Kaributas;Karigaila;KaributasKarigaila@mail.lt;P01535
Karigaila;Karigailė;KarigailaKarigailė@mail.lt;P01536
Karigailė;Karigaudė;KarigailėKarigaudė@mail.lt;P01537
Karigaudė;Karijotas;KarigaudėKarijotas@mail.lt;P01538
Karijotas;Karina;KarijotasKarina@mail.lt;P01539
Karina;Kariotas;KarinaKariotas@mail.lt;P01540
Kariotas;Karla;KariotasKarla@mail.lt;P01541
Karla;Karlas;KarlaKarlas@mail.lt;P01542
Karlas;Karlita;KarlasKarlita@mail.lt;P01543
Karlita;Karlitas;KarlitaKarlitas@mail.lt;P01544
Karlitas;Karmela;KarlitasKarmela@mail.lt;P01545
Karmela;Karolė;KarmelaKarolė@mail.lt;P01546
Karolė;Karolina;KarolėKarolina@mail.lt;P01547
Karolina;Karolis;KarolinaKarolis@mail.lt;P01548
Karolis;Karstenas;KarolisKarstenas@mail.lt;P01549
Karstenas;Labgaudas;KarstenasLabgaudas@mail.lt;P01550
Labgaudas;Labvardas;LabgaudasLabvardas@mail.lt;P01551
Labvardas;Labys;LabvardasLabys@mail.lt;P01552
Labys;Lada;LabysLada@mail.lt;P01553
Lada;Laertas;LadaLaertas@mail.lt;P01554
Laertas;Laima;LaertasLaima@mail.lt;P01555
Laima;Laimantas;LaimaLaimantas@mail.lt;P01556
Laimantas;Laimantė;LaimantasLaimantė@mail.lt;P01557
Laimantė;Laimė;LaimantėLaimė@mail.lt;P01558
Laimė;Laiminta;LaimėLaiminta@mail.lt;P01559
Laiminta;Laimintas;LaimintaLaimintas@mail.lt;P01560
Laimintas;Laimis;LaimintasLaimis@mail.lt;P01561
Laimis;Laimona;LaimisLaimona@mail.lt;P01562
Laimona;Laimonas;LaimonaLaimonas@mail.lt;P01563
Laimonas;Laimonė;LaimonasLaimonė@mail.lt;P01564
Laimonė;Laimūnas;LaimonėLaimūnas@mail.lt;P01565
Laimūnas;Laimūnė;LaimūnasLaimūnė@mail.lt;P01566
Laimūnė;Laimutė;LaimūnėLaimutė@mail.lt;P01567
Laimutė;Laimutis;LaimutėLaimutis@mail.lt;P01568
Laimutis;Laisvė;LaimutisLaisvė@mail.lt;P01569
Laisvė;Laisvidas;LaisvėLaisvidas@mail.lt;P01570
Laisvidas;Laisvis;LaisvidasLaisvis@mail.lt;P01571
Laisvis;Laisvūnas;LaisvisLaisvūnas@mail.lt;P01572
Laisvūnas;Laisvūnė;LaisvūnasLaisvūnė@mail.lt;P01573
Laisvūnė;Laisvyda;LaisvūnėLaisvyda@mail.lt;P01574
Laisvyda;Laisvydas;LaisvydaLaisvydas@mail.lt;P01575
Laisvydas;Laisvydė;LaisvydasLaisvydė@mail.lt;P01576
Laisvydė;Lama;LaisvydėLama@mail.lt;P01577
Lama;Lana;LamaLana@mail.lt;P01578
Lana;Larisa;LanaLarisa@mail.lt;P01579
Larisa;Lauksmina;LarisaLauksmina@mail.lt;P01580
Lauksmina;Lauksminas;LauksminaLauksminas@mail.lt;P01581
Lauksminas;Lauksminė;LauksminasLauksminė@mail.lt;P01582
Lauksminė;Laumė;LauksminėLaumė@mail.lt;P01583
Laumė;Laura;LaumėLaura@mail.lt;P01584
Laura;Lauras;LauraLauras@mail.lt;P01585
Lauras;Laurencija;LaurasLaurencija@mail.lt;P01586
Laurencija;Laurencijus;LaurencijaLaurencijus@mail.lt;P01587
Laurencijus;Laurensija;LaurencijusLaurensija@mail.lt;P01588
Laurensija;Laurensijus;LaurensijaLaurensijus@mail.lt;P01589
Laurensijus;Laureta;LaurensijusLaureta@mail.lt;P01590
Laureta;Laurinta;LauretaLaurinta@mail.lt;P01591
Laurinta;Lauris;LaurintaLauris@mail.lt;P01592
Lauris;Laurita;LaurisLaurita@mail.lt;P01593
Laurita;Lauryna;LauritaLauryna@mail.lt;P01594
Lauryna;Laurynas;LaurynaLaurynas@mail.lt;P01595
Laurynas;Leandras;LaurynasLeandras@mail.lt;P01596
Leandras;Leda;LeandrasLeda@mail.lt;P01597
Leda;Leifa;LedaLeifa@mail.lt;P01598
Leifa;Leifas;LeifaLeifas@mail.lt;P01599
Leifas;Machmudas;LeifasMachmudas@mail.lt;P01600
Machmudas;Madajus;MachmudasMadajus@mail.lt;P01601
Madajus;Madas;MadajusMadas@mail.lt;P01602
Madas;Magda;MadasMagda@mail.lt;P01603
Magda;Magdalena;MagdaMagdalena@mail.lt;P01604
Magdalena;Magdė;MagdalenaMagdė@mail.lt;P01605
Magdė;Magnas;MagdėMagnas@mail.lt;P01606
Magnas;Maiklas;MagnasMaiklas@mail.lt;P01607
Maiklas;Maja;MaiklasMaja@mail.lt;P01608
Maja;Maksas;MajaMaksas@mail.lt;P01609
Maksas;Maksima;MaksasMaksima@mail.lt;P01610
Maksima;Maksimas;MaksimaMaksimas@mail.lt;P01611
Maksimas;Maksimilijona;MaksimasMaksimilijona@mail.lt;P01612
Maksimilijona;Maksimilijonas;MaksimilijonaMaksimilijonas@mail.lt;P01613
Maksimilijonas;Malena;MaksimilijonasMalena@mail.lt;P01614
Malena;Malgožata;MalenaMalgožata@mail.lt;P01615
Malgožata;Malvina;MalgožataMalvina@mail.lt;P01616
Malvina;Mamerta;MalvinaMamerta@mail.lt;P01617
Mamerta;Mamertas;MamertaMamertas@mail.lt;P01618
Mamertas;Mandravas;MamertasMandravas@mail.lt;P01619
Mandravas;Mandravė;MandravasMandravė@mail.lt;P01620
Mandravė;Mandrė;MandravėMandrė@mail.lt;P01621
Mandrė;Mandrius;MandrėMandrius@mail.lt;P01622
Mandrius;Manfredas;MandriusManfredas@mail.lt;P01623
Manfredas;Mangailas;ManfredasMangailas@mail.lt;P01624
Mangailas;Mangailė;MangailasMangailė@mail.lt;P01625
Mangailė;Mangirda;MangailėMangirda@mail.lt;P01626
Mangirda;Mangirdas;MangirdaMangirdas@mail.lt;P01627
Mangirdas;Mantas;MangirdasMantas@mail.lt;P01628
Mantas;Mantautas;MantasMantautas@mail.lt;P01629
Mantautas;Mantautė;MantautasMantautė@mail.lt;P01630
Mantautė;Mantė;MantautėMantė@mail.lt;P01631
Mantė;Mantgailas;MantėMantgailas@mail.lt;P01632
Mantgailas;Mantgailė;MantgailasMantgailė@mail.lt;P01633
Mantgailė;Mantgirda;MantgailėMantgirda@mail.lt;P01634
Mantgirda;Mantgirdas;MantgirdaMantgirdas@mail.lt;P01635
Mantgirdas;Mantigailas;MantgirdasMantigailas@mail.lt;P01636
Mantigailas;Mantigailė;MantigailasMantigailė@mail.lt;P01637
Mantigailė;Mantigirda;MantigailėMantigirda@mail.lt;P01638
Mantigirda;Mantigirdas;MantigirdaMantigirdas@mail.lt;P01639
Mantigirdas;Mantilas;MantigirdasMantilas@mail.lt;P01640
Mantilas;Mantilė;MantilasMantilė@mail.lt;P01641
Mantilė;Mantmilas;MantilėMantmilas@mail.lt;P01642
Mantmilas;Mantmilė;MantmilasMantmilė@mail.lt;P01643
Mantmilė;Mantminas;MantmilėMantminas@mail.lt;P01644
Mantminas;Mantminė;MantminasMantminė@mail.lt;P01645
Mantminė;Mantrė;MantminėMantrė@mail.lt;P01646
Mantrė;Mantrima;MantrėMantrima@mail.lt;P01647
Mantrima;Mantrimas;MantrimaMantrimas@mail.lt;P01648
Mantrimas;Mantrimė;MantrimasMantrimė@mail.lt;P01649
Mantrimė;Nadežda;MantrimėNadežda@mail.lt;P01650
Nadežda;Nadiežda;NadeždaNadiežda@mail.lt;P01651
Nadiežda;Naglis;NadieždaNaglis@mail.lt;P01652
Naglis;Naimantas;NaglisNaimantas@mail.lt;P01653
Naimantas;Nandas;NaimantasNandas@mail.lt;P01654
Nandas;Napalius;NandasNapalius@mail.lt;P01655
Napalius;Napalys;NapaliusNapalys@mail.lt;P01656
Napalys;Napoleonas;NapalysNapoleonas@mail.lt;P01657
Napoleonas;Narcizas;NapoleonasNarcizas@mail.lt;P01658
Narcizas;Narimantas;NarcizasNarimantas@mail.lt;P01659
Narimantas;Narimantė;NarimantasNarimantė@mail.lt;P01660
Narimantė;Narūnas;NarimantėNarūnas@mail.lt;P01661
Narūnas;Narūnė;NarūnasNarūnė@mail.lt;P01662
Narūnė;Narutė;NarūnėNarutė@mail.lt;P01663
Narutė;Narutis;NarutėNarutis@mail.lt;P01664
Narutis;Narvyda;NarutisNarvyda@mail.lt;P01665
Narvyda;Narvydas;NarvydaNarvydas@mail.lt;P01666
Narvydas;Narvydė;NarvydasNarvydė@mail.lt;P01667
Narvydė;Nastas;NarvydėNastas@mail.lt;P01668
Nastas;Nastė;NastasNastė@mail.lt;P01669
Nastė;Nastys;NastėNastys@mail.lt;P01670
Nastys;Natalija;NastysNatalija@mail.lt;P01671
Natalija;Natalis;NatalijaNatalis@mail.lt;P01672
Natalis;Natanaelis;NatalisNatanaelis@mail.lt;P01673
Natanaelis;Natanas;NatanaelisNatanas@mail.lt;P01674
Natanas;Naubartas;NatanasNaubartas@mail.lt;P01675
Naubartas;Naubartė;NaubartasNaubartė@mail.lt;P01676
Naubartė;Naura;NaubartėNaura@mail.lt;P01677
Naura;Naurimantas;NauraNaurimantas@mail.lt;P01678
Naurimantas;Naurimantė;NaurimantasNaurimantė@mail.lt;P01679
Naurimantė;Nauris;NaurimantėNauris@mail.lt;P01680
Nauris;Naurūnas;NaurisNaurūnas@mail.lt;P01681
Naurūnas;Naurūnė;NaurūnasNaurūnė@mail.lt;P01682
Naurūnė;Nazaras;NaurūnėNazaras@mail.lt;P01683
Nazaras;Nazarijus;NazarasNazarijus@mail.lt;P01684
Nazarijus;Nedas;NazarijusNedas@mail.lt;P01685
Nedas;Nefertitė;NedasNefertitė@mail.lt;P01686
Nefertitė;Neilas;NefertitėNeilas@mail.lt;P01687
Neilas;Neimantas;NeilasNeimantas@mail.lt;P01688
Neimantas;Neimantė;NeimantasNeimantė@mail.lt;P01689
Neimantė;Neivyda;NeimantėNeivyda@mail.lt;P01690
Neivyda;Neivydas;NeivydaNeivydas@mail.lt;P01691
Neivydas;Neivydė;NeivydasNeivydė@mail.lt;P01692
Neivydė;Nelė;NeivydėNelė@mail.lt;P01693
Nelė;Nelly;NelėNelly@mail.lt;P01694
Nelly;Nemira;NellyNemira@mail.lt;P01695
Nemira;Nemumas;NemiraNemumas@mail.lt;P01696
Nemumas;Nencė;NemumasNencė@mail.lt;P01697
Nencė;Nendrė;NencėNendrė@mail.lt;P01698
Nendrė;Nensė;NendrėNensė@mail.lt;P01699
Nensė;Odeta;NensėOdeta@mail.lt;P01700
Odeta;Odilė;OdetaOdilė@mail.lt;P01701
Odilė;Odilija;OdilėOdilija@mail.lt;P01702
Odilija;Odisėjas;OdilijaOdisėjas@mail.lt;P01703
Odisėjas;Odrė;OdisėjasOdrė@mail.lt;P01704
Odrė;Odri;OdrėOdri@mail.lt;P01705
Odri;Ofelija;OdriOfelija@mail.lt;P01706
Ofelija;Oksana;OfelijaOksana@mail.lt;P01707
Oksana;Oksanas;OksanaOksanas@mail.lt;P01708
Oksanas;Oktavija;OksanasOktavija@mail.lt;P01709
Oktavija;Oktavijus;OktavijaOktavijus@mail.lt;P01710
Oktavijus;Olavas;OktavijusOlavas@mail.lt;P01711
Olavas;Olegas;OlavasOlegas@mail.lt;P01712
Olegas;Olesė;OlegasOlesė@mail.lt;P01713
Olesė;Olesis;OlesėOlesis@mail.lt;P01714
Olesis;Olga;OlesisOlga@mail.lt;P01715
Olga;Olia;OlgaOlia@mail.lt;P01716
Olia;Olimpija;OliaOlimpija@mail.lt;P01717
Olimpija;Olimpijus;OlimpijaOlimpijus@mail.lt;P01718
Olimpijus;Olivija;OlimpijusOlivija@mail.lt;P01719
Olivija;Ona;OlivijaOna@mail.lt;P01720
Ona;Opulencija;OnaOpulencija@mail.lt;P01721
Opulencija;Opulencijus;OpulencijaOpulencijus@mail.lt;P01722
Opulencijus;Oresta;OpulencijusOresta@mail.lt;P01723
Oresta;Orestas;OrestaOrestas@mail.lt;P01724
Orestas;Orinta;OrestasOrinta@mail.lt;P01725
Orinta;Orintas;OrintaOrintas@mail.lt;P01726
Orintas;Orlandas;OrintasOrlandas@mail.lt;P01727
Orlandas;Orvelas;OrlandasOrvelas@mail.lt;P01728
Orvelas;Osama;OrvelasOsama@mail.lt;P01729
Osama;Oskaras;OsamaOskaras@mail.lt;P01730
Oskaras;Osmundas;OskarasOsmundas@mail.lt;P01731
Osmundas;Ostinas;OsmundasOstinas@mail.lt;P01732
Ostinas;Osvaldas;OstinasOsvaldas@mail.lt;P01733
Osvaldas;Otas;OsvaldasOtas@mail.lt;P01734
Otas;Otilija;OtasOtilija@mail.lt;P01735
Otilija;Otonas;OtilijaOtonas@mail.lt;P01736
Otonas;Ovidija;OtonasOvidija@mail.lt;P01737
Ovidija;Ovidijus;OvidijaOvidijus@mail.lt;P01738
Ovidijus;Pablo;OvidijusPablo@mail.lt;P01739
Pablo;Pajauta;PabloPajauta@mail.lt;P01740
Pajauta;Paladijus;PajautaPaladijus@mail.lt;P01741
Paladijus;Palemonas;PaladijusPalemonas@mail.lt;P01742
Palemonas;Palma;PalemonasPalma@mail.lt;P01743
Palma;Palmira;PalmaPalmira@mail.lt;P01744
Palmira;Palmyra;PalmiraPalmyra@mail.lt;P01745
Palmyra;Panteleonas;PalmyraPanteleonas@mail.lt;P01746
Panteleonas;Paola;PanteleonasPaola@mail.lt;P01747
Paola;Paskalis;PaolaPaskalis@mail.lt;P01748
Paskalis;Pastoras;PaskalisPastoras@mail.lt;P01749
Pastoras;Patas;PastorasPatas@mail.lt;P01750
Patas;Patijus;PatasPatijus@mail.lt;P01751
Patijus;Patricija;PatijusPatricija@mail.lt;P01752
Patricija;Patricijus;PatricijaPatricijus@mail.lt;P01753
Patricijus;Patrikas;PatricijusPatrikas@mail.lt;P01754
Patrikas;Patrimpas;PatrikasPatrimpas@mail.lt;P01755
Patrimpas;Patris;PatrimpasPatris@mail.lt;P01756
Patris;Paula;PatrisPaula@mail.lt;P01757
Paula;Paulė;PaulaPaulė@mail.lt;P01758
Paulė;Paulina;PaulėPaulina@mail.lt;P01759
Paulina;Paulinas;PaulinaPaulinas@mail.lt;P01760
Paulinas;Paulita;PaulinasPaulita@mail.lt;P01761
Paulita;Paulius;PaulitaPaulius@mail.lt;P01762
Paulius;Pavelas;PauliusPavelas@mail.lt;P01763
Pavelas;Pavlas;PavelasPavlas@mail.lt;P01764
Pavlas;Pedras;PavlasPedras@mail.lt;P01765
Pedras;Pedro;PedrasPedro@mail.lt;P01766
Pedro;Pelagija;PedroPelagija@mail.lt;P01767
Pelagija;Pelagijus;PelagijaPelagijus@mail.lt;P01768
Pelagijus;Penelopė;PelagijusPenelopė@mail.lt;P01769
Penelopė;Perida;PenelopėPerida@mail.lt;P01770
Perida;Perla;PeridaPerla@mail.lt;P01771
Perla;Perlas;PerlaPerlas@mail.lt;P01772
Perlas;Peteris;PerlasPeteris@mail.lt;P01773
Peteris;Petras;PeterisPetras@mail.lt;P01774
Petras;Petrė;PetrasPetrė@mail.lt;P01775
Petrė;Petronėlė;PetrėPetronėlė@mail.lt;P01776
Petronėlė;Petronijus;PetronėlėPetronijus@mail.lt;P01777
Petronijus;Pijonija;PetronijusPijonija@mail.lt;P01778
Pijonija;Pijonijus;PijonijaPijonijus@mail.lt;P01779
Pijonijus;Pijus;PijonijusPijus@mail.lt;P01780
Pijus;Pilypa;PijusPilypa@mail.lt;P01781
Pilypa;Pilypas;PilypaPilypas@mail.lt;P01782
Pilypas;Piotras;PilypasPiotras@mail.lt;P01783
Piotras;Placida;PiotrasPlacida@mail.lt;P01784
Placida;Placidas;PlacidaPlacidas@mail.lt;P01785
Placidas;Plegas;PlacidasPlegas@mail.lt;P01786
Plegas;Plegonas;PlegasPlegonas@mail.lt;P01787
Plegonas;Polė;PlegonasPolė@mail.lt;P01788
Polė;Rachelė;PolėRachelė@mail.lt;P01789
Rachelė;Rachmilas;RachelėRachmilas@mail.lt;P01790
Rachmilas;Radė;RachmilasRadė@mail.lt;P01791
Radė;Radegunda;RadėRadegunda@mail.lt;P01792
Radegunda;Radegundas;RadegundaRadegundas@mail.lt;P01793
Radegundas;Radislava;RadegundasRadislava@mail.lt;P01794
Radislava;Radislavas;RadislavaRadislavas@mail.lt;P01795
Radislavas;Radmila;RadislavasRadmila@mail.lt;P01796
Radmila;Radmilas;RadmilaRadmilas@mail.lt;P01797
Radmilas;Radmilė;RadmilasRadmilė@mail.lt;P01798
Radmilė;Radolfas;RadmilėRadolfas@mail.lt;P01799
Radolfas;Radvilas;RadolfasRadvilas@mail.lt;P01800
Radvilas;Radvilė;RadvilasRadvilė@mail.lt;P01801
Radvilė;Radvydas;RadvilėRadvydas@mail.lt;P01802
Radvydas;Radvydė;RadvydasRadvydė@mail.lt;P01803
Radvydė;Radys;RadvydėRadys@mail.lt;P01804
Radys;Rafaelė;RadysRafaelė@mail.lt;P01805
Rafaelė;Rafaelis;RafaelėRafaelis@mail.lt;P01806
Rafaelis;Raima;RafaelisRaima@mail.lt;P01807
Raima;Raimis;RaimaRaimis@mail.lt;P01808
Raimis;Raimonda;RaimisRaimonda@mail.lt;P01809
Raimonda;Raimondas;RaimondaRaimondas@mail.lt;P01810
Raimondas;Raimunda;RaimondasRaimunda@mail.lt;P01811
Raimunda;Raimundas;RaimundaRaimundas@mail.lt;P01812
Raimundas;Rainolda;RaimundasRainolda@mail.lt;P01813
Rainolda;Rainoldas;RainoldaRainoldas@mail.lt;P01814
Rainoldas;Raitvilas;RainoldasRaitvilas@mail.lt;P01815
Raitvilas;Raitvilė;RaitvilasRaitvilė@mail.lt;P01816
Raitvilė;Raivedys;RaitvilėRaivedys@mail.lt;P01817
Raivedys;Ralfas;RaivedysRalfas@mail.lt;P01818
Ralfas;Ramantas;RalfasRamantas@mail.lt;P01819
Ramantas;Ramantė;RamantasRamantė@mail.lt;P01820
Ramantė;Ramas;RamantėRamas@mail.lt;P01821
Ramas;Ramazanas;RamasRamazanas@mail.lt;P01822
Ramazanas;Raminta;RamazanasRaminta@mail.lt;P01823
Raminta;Ramintas;RamintaRamintas@mail.lt;P01824
Ramintas;Ramojus;RamintasRamojus@mail.lt;P01825
Ramojus;Ramona;RamojusRamona@mail.lt;P01826
Ramona;Ramonas;RamonaRamonas@mail.lt;P01827
Ramonas;Ramūnas;RamonasRamūnas@mail.lt;P01828
Ramūnas;Ramunė;RamūnasRamunė@mail.lt;P01829
Ramunė;Ramunė;RamunėRamunė@mail.lt;P01830
Ramunė;Ramutė;RamunėRamutė@mail.lt;P01831
Ramutė;Ramutis;RamutėRamutis@mail.lt;P01832
Ramutis;Ramvyda;RamutisRamvyda@mail.lt;P01833
Ramvyda;Ramvydas;RamvydaRamvydas@mail.lt;P01834
Ramvydas;Ramvydė;RamvydasRamvydė@mail.lt;P01835
Ramvydė;Rapolas;RamvydėRapolas@mail.lt;P01836
Rapolas;Rapolė;RapolasRapolė@mail.lt;P01837
Rapolė;Rasa;RapolėRasa@mail.lt;P01838
Rasa;Sabilė;RasaSabilė@mail.lt;P01839
Sabilė;Sabina;SabilėSabina@mail.lt;P01840
Sabina;Sabinas;SabinaSabinas@mail.lt;P01841
Sabinas;Sabrina;SabinasSabrina@mail.lt;P01842
Sabrina;Saimonas;SabrinaSaimonas@mail.lt;P01843
Saimonas;Saimontas;SaimonasSaimontas@mail.lt;P01844
Saimontas;Saliamonas;SaimontasSaliamonas@mail.lt;P01845
Saliamonas;Salomėja;SaliamonasSalomėja@mail.lt;P01846
Salomėja;Salvadoras;SalomėjaSalvadoras@mail.lt;P01847
Salvadoras;Salvė;SalvadorasSalvė@mail.lt;P01848
Salvė;Salveiga;SalvėSalveiga@mail.lt;P01849
Salveiga;Salvija;SalveigaSalvija@mail.lt;P01850
Salvija;Salvijus;SalvijaSalvijus@mail.lt;P01851
Salvijus;Salvinas;SalvijusSalvinas@mail.lt;P01852
Salvinas;Salvinija;SalvinasSalvinija@mail.lt;P01853
Salvinija;Salvis;SalvinijaSalvis@mail.lt;P01854
Salvis;Salys;SalvisSalys@mail.lt;P01855
Salys;Samanta;SalysSamanta@mail.lt;P01856
Samanta;Sambangas;SamantaSambangas@mail.lt;P01857
Sambangas;Samsonas;SambangasSamsonas@mail.lt;P01858
Samsonas;Samuelis;SamsonasSamuelis@mail.lt;P01859
Samuelis;Sanbangas;SamuelisSanbangas@mail.lt;P01860
Sanbangas;Sandra;SanbangasSandra@mail.lt;P01861
Sandra;Sandrijus;SandraSandrijus@mail.lt;P01862
Sandrijus;Sandrita;SandrijusSandrita@mail.lt;P01863
Sandrita;Sandrius;SandritaSandrius@mail.lt;P01864
Sandrius;Sangailas;SandriusSangailas@mail.lt;P01865
Sangailas;Sangailė;SangailasSangailė@mail.lt;P01866
Sangailė;Sangina;SangailėSangina@mail.lt;P01867
Sangina;Sanginas;SanginaSanginas@mail.lt;P01868
Sanginas;Sangirda;SanginasSangirda@mail.lt;P01869
Sangirda;Sangirdas;SangirdaSangirdas@mail.lt;P01870
Sangirdas;Sanija;SangirdasSanija@mail.lt;P01871
Sanija;Sanijus;SanijaSanijus@mail.lt;P01872
Sanijus;Sanita;SanijusSanita@mail.lt;P01873
Sanita;Sanitas;SanitaSanitas@mail.lt;P01874
Sanitas;Sanrimas;SanitasSanrimas@mail.lt;P01875
Sanrimas;Sanrimė;SanrimasSanrimė@mail.lt;P01876
Sanrimė;Santa;SanrimėSanta@mail.lt;P01877
Santa;Santara;SantaSantara@mail.lt;P01878
Santara;Santaras;SantaraSantaras@mail.lt;P01879
Santaras;Santarė;SantarasSantarė@mail.lt;P01880
Santarė;Santautas;SantarėSantautas@mail.lt;P01881
Santautas;Santautė;SantautasSantautė@mail.lt;P01882
Santautė;Sara;SantautėSara@mail.lt;P01883
Sara;Sarita;SaraSarita@mail.lt;P01884
Sarita;Sati;SaritaSati@mail.lt;P01885
Sati;Saturnina;SatiSaturnina@mail.lt;P01886
Saturnina;Saturninas;SaturninaSaturninas@mail.lt;P01887
Saturninas;Saudravas;SaturninasSaudravas@mail.lt;P01888
Saudravas;Tadas;SaudravasTadas@mail.lt;P01889
Tadas;Tadė;TadasTadė@mail.lt;P01890
Tadė;Tadeušas;TadėTadeušas@mail.lt;P01891
Tadeušas;Tajus;TadeušasTajus@mail.lt;P01892
Tajus;Talius;TajusTalius@mail.lt;P01893
Talius;Tamara;TaliusTamara@mail.lt;P01894
Tamara;Tania;TamaraTania@mail.lt;P01895
Tania;Tanvilas;TaniaTanvilas@mail.lt;P01896
Tanvilas;Tanvilė;TanvilasTanvilė@mail.lt;P01897
Tanvilė;Tarena;TanvilėTarena@mail.lt;P01898
Tarena;Tarenas;TarenaTarenas@mail.lt;P01899
Tarenas;Tarmantas;TarenasTarmantas@mail.lt;P01900
Tarmantas;Tarmantė;TarmantasTarmantė@mail.lt;P01901
Tarmantė;Tarvainas;TarmantėTarvainas@mail.lt;P01902
Tarvainas;Tarvainė;TarvainasTarvainė@mail.lt;P01903
Tarvainė;Tarvilas;TarvainėTarvilas@mail.lt;P01904
Tarvilas;Tarvilė;TarvilasTarvilė@mail.lt;P01905
Tarvilė;Tarvina;TarvilėTarvina@mail.lt;P01906
Tarvina;Tarvinas;TarvinaTarvinas@mail.lt;P01907
Tarvinas;Tatjana;TarvinasTatjana@mail.lt;P01908
Tatjana;Tauras;TatjanaTauras@mail.lt;P01909
Tauras;Taurė;TaurasTaurė@mail.lt;P01910
Taurė;Taurija;TaurėTaurija@mail.lt;P01911
Taurija;Taurijus;TaurijaTaurijus@mail.lt;P01912
Taurijus;Taurius;TaurijusTaurius@mail.lt;P01913
Taurius;Taurys;TauriusTaurys@mail.lt;P01914
Taurys;Tautas;TaurysTautas@mail.lt;P01915
Tautas;Tautė;TautasTautė@mail.lt;P01916
Tautė;Tautenė;TautėTautenė@mail.lt;P01917
Tautenė;Tautenis;TautenėTautenis@mail.lt;P01918
Tautenis;Tautgailas;TautenisTautgailas@mail.lt;P01919
Tautgailas;Tautgailė;TautgailasTautgailė@mail.lt;P01920
Tautgailė;Tautgina;TautgailėTautgina@mail.lt;P01921
Tautgina;Tautginas;TautginaTautginas@mail.lt;P01922
Tautginas;Tautginė;TautginasTautginė@mail.lt;P01923
Tautginė;Tautginta;TautginėTautginta@mail.lt;P01924
Tautginta;Tautgintas;TautgintaTautgintas@mail.lt;P01925
Tautgintas;Tautgintė;TautgintasTautgintė@mail.lt;P01926
Tautgintė;Tautgirdas;TautgintėTautgirdas@mail.lt;P01927
Tautgirdas;Tautgirdė;TautgirdasTautgirdė@mail.lt;P01928
Tautgirdė;Tautkanta;TautgirdėTautkanta@mail.lt;P01929
Tautkanta;Tautkantas;TautkantaTautkantas@mail.lt;P01930
Tautkantas;Tautmilas;TautkantasTautmilas@mail.lt;P01931
Tautmilas;Tautmilė;TautmilasTautmilė@mail.lt;P01932
Tautmilė;Tautrimas;TautmilėTautrimas@mail.lt;P01933
Tautrimas;Tautrimė;TautrimasTautrimė@mail.lt;P01934
Tautrimė;Tautvaldas;TautrimėTautvaldas@mail.lt;P01935
Tautvaldas;Tautvaldė;TautvaldasTautvaldė@mail.lt;P01936
Tautvaldė;Tautvė;TautvaldėTautvė@mail.lt;P01937
Tautvė;Tautvilas;TautvėTautvilas@mail.lt;P01938
Tautvilas;Ubaldas;TautvilasUbaldas@mail.lt;P01939
Ubaldas;Ugnė;UbaldasUgnė@mail.lt;P01940
Ugnė;Ugnius;UgnėUgnius@mail.lt;P01941
Ugnius;Uldis;UgniusUldis@mail.lt;P01942
Uldis;Ulijona;UldisUlijona@mail.lt;P01943
Ulijona;Uljana;UlijonaUljana@mail.lt;P01944
Uljana;Uljanas;UljanaUljanas@mail.lt;P01945
Uljanas;Ulrichas;UljanasUlrichas@mail.lt;P01946
Ulrichas;Ulrichė;UlrichasUlrichė@mail.lt;P01947
Ulrichė;Ulrika;UlrichėUlrika@mail.lt;P01948
Ulrika;Ulrikas;UlrikaUlrikas@mail.lt;P01949
Ulrikas;Ulrikė;UlrikasUlrikė@mail.lt;P01950
Ulrikė;Una;UlrikėUna@mail.lt;P01951
Una;Undinė;UnaUndinė@mail.lt;P01952
Undinė;Unė;UndinėUnė@mail.lt;P01953
Unė;Uosis;UnėUosis@mail.lt;P01954
Uosis;Urbonas;UosisUrbonas@mail.lt;P01955
Urbonas;Ursas;UrbonasUrsas@mail.lt;P01956
Ursas;Ursinas;UrsasUrsinas@mail.lt;P01957
Ursinas;Uršulė;UrsinasUršulė@mail.lt;P01958
Uršulė;Ursynas;UršulėUrsynas@mail.lt;P01959
Ursynas;Urta;UrsynasUrta@mail.lt;P01960
Urta;Urtė;UrtaUrtė@mail.lt;P01961
Urtė;Vacė;UrtėVacė@mail.lt;P01962
Vacė;Vaclava;VacėVaclava@mail.lt;P01963
Vaclava;Vaclavas;VaclavaVaclavas@mail.lt;P01964
Vaclavas;Vaclova;VaclavasVaclova@mail.lt;P01965
Vaclova;Vaclovas;VaclovaVaclovas@mail.lt;P01966
Vaclovas;Vacys;VaclovasVacys@mail.lt;P01967
Vacys;Vadimas;VacysVadimas@mail.lt;P01968
Vadimas;Vaida;VadimasVaida@mail.lt;P01969
Vaida;Vaidas;VaidaVaidas@mail.lt;P01970
Vaidas;Vaidevutis;VaidasVaidevutis@mail.lt;P01971
Vaidevutis;Vaidgina;VaidevutisVaidgina@mail.lt;P01972
Vaidgina;Vaidginas;VaidginaVaidginas@mail.lt;P01973
Vaidginas;Vaidginta;VaidginasVaidginta@mail.lt;P01974
Vaidginta;Vaidgintas;VaidgintaVaidgintas@mail.lt;P01975
Vaidgintas;Vaidgintė;VaidgintasVaidgintė@mail.lt;P01976
Vaidgintė;Vaidilas;VaidgintėVaidilas@mail.lt;P01977
Vaidilas;Vaidilė;VaidilasVaidilė@mail.lt;P01978
Vaidilė;Vaidilutė;VaidilėVaidilutė@mail.lt;P01979
Vaidilutė;Vaidivutis;VaidilutėVaidivutis@mail.lt;P01980
Vaidivutis;Vaidmantas;VaidivutisVaidmantas@mail.lt;P01981
Vaidmantas;Vaidmantė;VaidmantasVaidmantė@mail.lt;P01982
Vaidmantė;Vaidmina;VaidmantėVaidmina@mail.lt;P01983
Vaidmina;Vaidminas;VaidminaVaidminas@mail.lt;P01984
Vaidminas;Vaidonė;VaidminasVaidonė@mail.lt;P01985
Vaidonė;Vaidota;VaidonėVaidota@mail.lt;P01986
Vaidota;Vaidotas;VaidotaVaidotas@mail.lt;P01987
Vaidotas;Vaidotė;VaidotasVaidotė@mail.lt;P01988
Vaidotė;Vaidutė;VaidotėVaidutė@mail.lt;P01989
Vaidutė;Vaidutis;VaidutėVaidutis@mail.lt;P01990
Vaidutis;Vaidvilas;VaidutisVaidvilas@mail.lt;P01991
Vaidvilas;Vaidvilė;VaidvilasVaidvilė@mail.lt;P01992
Vaidvilė;Vaidys;VaidvilėVaidys@mail.lt;P01993
Vaidys;Vaiga;VaidysVaiga@mail.lt;P01994
Vaiga;Vaigailas;VaigaVaigailas@mail.lt;P01995
Vaigailas;Vaigailė;VaigailasVaigailė@mail.lt;P01996
Vaigailė;Vaigaudas;VaigailėVaigaudas@mail.lt;P01997
Vaigaudas;Vaigaudė;VaigaudasVaigaudė@mail.lt;P01998
Vaigaudė;Vaigė;VaigaudėVaigė@mail.lt;P01999
Vaigė;Abdonas;VaigėAbdonas@mail.lt;P02000
